Ticker,銘柄名,75SMA越,25SMA越,出来高前日比
2462,ライク,1,9,5.6
7637,白銅,1,1,0.0
1905,テノックス,1,1,0.0
7299,フジオーゼックス,1,1,0.0
4107,伊勢化学工業,1,1,0.0
9973,ＫＯＺＯホールディングス,1,1,0.0
7624,ＮａＩＴＯ,1,1,0.0
7623,サンオータス,1,1,0.0
2342,トランスジェニックグループ,1,1,0.0
1909,日本ドライケミカル,1,0,0.0
9347,日本管財ホールディングス,1,1,0.0
6613,ＱＤレーザ,1,1,0.0
2146,ＵＴグループ,1,1,0.0
7040,サン・ライフホールディング,1,1,0.0
9360,鈴与シンワート,1,1,0.0
9343,アイビス,1,0,0.0
6345,アイチ　コーポレーション,1,1,0.0
6343,フリージア・マクロス,1,1,0.0
2148,アイティメディア,1,1,0.0
5965,フジマック,1,1,0.0
6588,東芝テック,1,1,0.0
6411,中野冷機,1,0,0.0
2344,平安レイサービス,1,1,0.0
7309,シマノ,1,1,0.0
7041,ＣＲＧホールディングス,1,1,0.0
9278,ブックオフグループホールディングス,1,3,1.2
9853,銀座ルノアール,1,4,0.5
4175,ｃｏｌｙ,1,0,0.0
7317,松屋アールアンドディ,1,1,0.0
7080,スポーツフィールド,1,1,0.0
6775,ＴＢグループ,1,15,0.5
6395,タダノ,1,1,0.0
7523,アールビバン,1,18,1.3
7313,テイ・エス　テック,1,1,0.0
7077,ＡＬｉＮＫインターネット,1,1,0.0
7035,ａｎｄ　ｆａｃｔｏｒｙ,1,0,0.0
3853,アステリア,1,1,0.0
7039,ブリッジインターナショナル,1,1,0.0
9366,サンリツ,1,1,0.0
9365,トレーディア,1,1,0.0
9361,伏木海陸運送,1,1,0.0
5941,中西製作所,1,0,0.5
6346,キクカワエンタープライズ,1,1,0.0
4100,戸田工業,1,1,0.0
6338,タカトリ,1,0,0.0
6445,ジャノメ,1,5,0.5
5974,中国工業,1,1,0.0
220A,Ｆａｂｅｒ　Ｃｏｍｐａｎｙ,1,4,0.8
9353,櫻島埠頭,1,1,0.0
7687,ミクリード,1,1,0.0
5976,高周波熱錬,1,1,0.0
7689,コパ・コーポレーション,1,0,0.0
7037,テノ．ホールディングス,1,0,0.0
5970,ジーテクト,1,1,0.0
2762,ＳＡＮＫＯ　ＭＡＲＫＥＴＩＮＧ　ＦＯＯＤＳ,1,1,0.2
5283,高見澤,1,2,2.5
4492,ゼネテック,1,14,2.8
3159,丸善ＣＨＩホールディングス,1,0,0.5
7722,国際計測器,1,1,1.4
9982,タキヒヨー,1,1,0.0
6396,宇野澤組鐵工所,1,1,0.0
9351,東洋埠頭,1,1,0.0
4168,ヤプリ,1,1,0.0
6597,ＨＰＣシステムズ,1,0,0.0
7073,ジェイック,1,1,0.0
9340,アソインターナショナル,1,0,0.0
7628,オーハシテクニカ,1,1,0.0
176A,レジル,1,0,1.1
4125,三和油化工業,1,0,0.0
2351,ＡＳＪ,1,1,0.0
1904,大成温調,1,1,0.0
3844,コムチュア,1,1,0.0
3842,ネクストジェン,1,1,0.0
7813,プラッツ,1,4,0.8
7296,エフ・シー・シー,1,1,0.0
7578,ニチリョク,1,13,1.1
9980,ＭＲＫホールディングス,1,1,0.0
6406,フジテック,1,1,0.0
2136,ヒップ,1,1,0.0
1447,ＳＡＡＦホールディングス,1,3,2.9
2335,キューブシステム,1,1,0.0
5939,大谷工業,1,5,0.5
5942,日本フイルコン,1,21,0.6
4166,かっこ,1,1,0.0
9342,スマサポ,1,1,0.0
2139,中広,1,1,0.0
1899,福田組,1,1,0.0
9211,エフ・コード,1,0,0.0
7679,薬王堂ホールディングス,1,1,0.0
2150,ケアネット,1,1,0.0
2337,いちご,1,0,0.0
6203,豊和工業,1,5,5.4
2769,ヴィレッジヴァンガードコーポレーション,1,1,1.3
7958,天馬,1,1,0.0
4114,日本触媒,1,1,0.0
9201,日本航空,1,0,0.0
7314,小田原機器,1,1,0.0
2341,アルバイトタイムス,1,1,0.0
3850,エヌ・ティ・ティ・データ・イントラマート,1,1,0.0
3796,いい生活,1,1,0.0
6337,テセック,1,1,0.0
3788,ＧＭＯグローバルサイン・ホールディングス,1,1,0.0
1813,不動テトラ,1,1,0.9
9173,東海汽船,1,1,0.0
7859,アルメディオ,1,5,46.9
7036,イーエムネットジャパン,1,1,0.0
7078,ＩＮＣＬＵＳＩＶＥ,1,0,0.0
4170,Ｋａｉｚｅｎ　Ｐｌａｔｆｏｒｍ,1,1,0.0
4113,田岡化学工業,1,1,0.0
4118,カネカ,1,1,0.0
9978,文教堂グループホールディングス,1,0,0.0
7069,サイバー・バズ,1,1,0.0
6407,ＣＫＤ,1,1,0.0
6400,不二精機,1,1,0.0
3776,ブロードバンドタワー,1,0,0.0
7621,うかい,1,1,0.0
212A,フィットイージー,1,1,0.0
6339,新東工業,1,1,0.0
7034,プロレド・パートナーズ,1,1,0.0
7072,インティメート・マージャー,1,1,0.0
7305,新家工業,1,1,0.0
9339,コーチ・エィ,1,1,0.0
1893,五洋建設,1,1,0.0
4116,大日精化工業,1,1,0.0
7071,アンビスホールディングス,1,1,0.0
5484,東北特殊鋼,1,1,2.5
3034,クオールホールディングス,1,15,0.9
7294,ヨロズ,1,1,0.0
7292,村上開明堂,1,1,0.0
3793,ドリコム,1,1,0.0
2138,クルーズ,1,1,0.0
7683,ダブルエー,1,0,0.0
4109,ステラ　ケミファ,1,1,0.0
9979,大庄,1,1,0.0
1379,ホクト,1,1,0.0
1375,ユキグニファクトリー,1,1,0.0
4119,日本ピグメントホールディングス,1,1,0.0
3848,データ・アプリケーション,1,1,0.0
7635,杉田エース,1,1,0.0
2338,クオンタムソリューションズ,1,1,0.0
9346,ココルポート,1,1,0.0
9202,ＡＮＡホールディングス,1,0,0.0
2134,北浜キャピタルパートナーズ,1,1,0.0
4124,大阪油化工業,1,1,0.0
1332,ニッスイ,1,0,0.0
6340,澁谷工業,1,1,0.0
4099,四国化成ホールディングス,1,1,0.0
6592,マブチモーター,1,1,0.0
3787,テクノマセマティカル,1,1,0.0
4097,高圧ガス工業,1,1,0.0
1301,極洋,1,1,0.0
3845,アイフリークモバイル,1,1,0.0
3777,環境フレンドリーホールディングス,1,1,0.0
1890,東洋建設,1,1,0.0
1333,マルハニチロ,1,1,0.0
9344,アクシスコンサルティング,1,1,0.0
6590,芝浦メカトロニクス,1,0,0.0
6336,石井表記,1,1,0.0
9363,大運,1,1,0.0
7923,トーイン,1,7,0.2
9193,東京汽船,1,1,0.0
6964,サンコー,1,4,8.1
7692,アースインフィニティ,1,0,0.0
3841,ジーダット,1,0,0.0
9364,上組,1,1,0.0
5969,ロブテックス,1,1,0.0
6402,兼松エンジニアリング,1,1,0.0
3798,ＵＬＳグループ,1,1,0.0
7694,いつも,1,1,0.0
4176,ココナラ,1,1,0.0
6594,ニデック,1,1,0.0
3779,ジェイ・エスコムホールディングス,1,1,0.0
3762,テクマトリックス,1,0,1.1
7630,壱番屋,1,1,0.0
5975,東プレ,1,1,0.0
9632,スバル興業,1,12,1.7
4112,保土谷化学工業,1,1,0.0
4171,グローバルインフォメーション,1,1,0.0
4151,協和キリン,1,1,0.0
9212,Ｇｒｅｅｎ　Ｅａｒｔｈ　Ｉｎｓｔｉｔｕｔｅ,1,0,0.0
4095,日本パーカライジング,1,1,0.0
9984,ソフトバンクグループ,1,1,0.0
4307,野村総合研究所,1,1,2.4
4957,ヤスハラケミカル,1,6,5.6
7464,セフテック,1,5,2.6
9213,セイファート,1,1,0.0
3058,三洋堂ホールディングス,1,1,0.9
1436,グリーンエナジー＆カンパニー,1,15,2.4
7863,平賀,1,4,2.3
9081,神奈川中央交通,1,2,2.7
4615,神東塗料,1,12,0.7
6403,水道機工,1,1,0.0
3593,ホギメディカル,2,4,31.0
8705,日産証券グループ,2,15,0.9
2154,オープンアップグループ,2,4,0.8
339A,プログレス・テクノロジーズ　グループ,2,2,0.8
2694,焼肉坂井ホールディングス,2,2,0.5
5035,ＨＯＵＳＥＩ,2,5,1.5
4197,アスマーク,2,9,1.0
5246,ＥＬＥＭＥＮＴＳ,2,2,1.3
168A,イタミアート,2,0,0.1
3892,岡山製紙,2,0,1.0
9012,秩父鉄道,2,4,2.0
7807,幸和製作所,2,6,1.1
2331,綜合警備保障,2,15,0.7
4424,Ａｍａｚｉａ,2,2,6.3
9250,ＧＲＣＳ,2,2,0.1
3151,バイタルケーエスケー・ホールディングス,2,13,0.6
4193,ファブリカホールディングス,2,15,25.9
4875,メディシノバ・インク,2,3,0.8
4264,セキュア,2,8,0.6
4496,コマースＯｎｅホールディングス,2,9,2.0
6513,オリジン,2,2,0.7
6419,マースグループホールディングス,2,5,0.9
2984,ヤマイチ・ユニハイムエステート,2,18,0.8
173A,ハンモック,2,0,0.4
9219,ギックス,2,2,3.1
3497,ＬｅＴｅｃｈ,2,2,2.0
6380,オリエンタルチエン工業,2,3,0.3
2931,ユーグレナ,2,7,0.4
3910,エムケイシステム,2,2,0.3
3896,阿波製紙,2,6,1.6
6862,ミナトホールディングス,2,6,0.6
2156,セーラー広告,2,0,0.8
195A,ライスカレー,2,0,0.8
7841,遠藤製作所,2,13,8.7
2122,インタースペース,2,6,0.0
303A,ｖｉｓｕｍｏ,2,2,0.3
2668,タビオ,2,0,0.6
2975,スター・マイカ・ホールディングス,2,5,1.0
2818,ピエトロ,2,2,0.3
7087,ウイルテック,2,5,1.0
5070,ドラフト,2,12,0.3
6322,タクミナ,2,0,0.4
268A,リガク・ホールディングス,2,5,1.7
4382,ＨＥＲＯＺ,2,0,0.9
9972,アルテック,3,0,0.6
9959,アシードホールディングス,3,18,1.3
3560,ほぼ日,3,4,0.8
7975,リヒトラブ,3,0,0.2
5367,ニッカトー,3,0,2.0
4378,ＣＩＮＣ,3,0,0.3
9832,オートバックスセブン,3,3,0.7
7360,オンデック,3,3,0.2
9816,ストライダーズ,3,2,0.8
7353,ＫＩＹＯラーニング,3,1,0.3
5575,Ｇｌｏｂｅｅ,3,0,0.4
3077,ホリイフードサービス,3,3,11.1
7399,ナンシン,3,4,0.1
3160,大光,3,9,0.9
2814,佐藤食品工業,3,3,1.0
3800,ユニリタ,3,3,0.1
9319,中央倉庫,3,12,0.6
9914,植松商会,3,2,0.3
6564,ミダックホールディングス,3,6,0.6
4074,ラキール,3,0,0.5
8043,スターゼン,3,13,0.7
7585,かんなん丸,3,3,0.5
2292,Ｓ　Ｆｏｏｄｓ,3,3,0.7
2055,日和産業,4,2,2.3
5582,グリッド,4,2,0.2
8247,大和,4,8,0.7
3770,ザッパラス,4,5,0.5
2816,ダイショー,4,6,1.5
6416,桂川電機,4,9,0.3
8152,ソマール,4,5,2.8
241A,ＲＯＸＸ,4,3,0.8
7414,小野建,4,5,0.5
4746,東計電算,4,4,0.3
3426,アトムリビンテック,4,4,2.0
4667,アイサンテクノロジー,4,8,1.1
4360,マナック・ケミカル・パートナーズ,4,5,0.7
5603,虹技,4,14,0.0
3997,トレードワークス,4,4,0.2
5423,東京製鐵,4,0,0.9
9759,ＮＳＤ,4,0,0.3
4422,ＶＡＬＵＥＮＥＸ,4,0,0.2
4691,ワシントンホテル,4,4,0.7
7985,ネポン,4,4,0.4
9031,西日本鉄道,4,8,0.5
9159,Ｗ　ＴＯＫＹＯ,4,4,0.9
3091,ブロンコビリー,4,4,1.7
7433,伯東,4,14,0.6
4008,住友精化,4,15,0.8
9271,和心,4,4,0.6
4290,プレステージ・インターナショナル,4,8,0.7
7500,西川計測,4,0,0.5
9044,南海電気鉄道,4,22,0.7
4679,田谷,4,21,1.0
7228,デイトナ,4,4,2.5
9767,日建工学,4,4,5.0
9158,シーユーシー,4,5,0.8
9889,ＪＢＣＣホールディングス,4,1,1.1
3690,イルグルム,4,14,2.4
9994,やまや,4,5,0.3
4548,生化学工業,4,11,0.3
1711,ＳＤＳホールディングス,4,0,0.9
6470,大豊工業,4,5,0.6
3695,ＧＭＯリサーチ＆ＡＩ,4,6,0.2
4563,アンジェス,4,6,0.6
9245,リベロ,4,8,1.1
3583,オーベクス,4,6,1.4
3475,グッドコムアセット,4,5,1.0
4578,大塚ホールディングス,4,5,1.5
5599,Ｓ＆Ｊ,4,3,1.1
4521,科研製薬,4,9,0.7
3991,ウォンテッドリー,4,0,0.5
7908,きもと,5,9,1.2
8093,極東貿易,5,5,0.6
8739,スパークス・グループ,5,5,1.0
2117,ウェルネオシュガー,5,12,1.0
7476,アズワン,5,0,0.4
5586,Ｌａｂｏｒｏ．ＡＩ,5,5,1.3
7781,平山ホールディングス,5,1,0.1
4308,Ｊストリーム,5,7,1.1
3446,ジェイテックコーポレーション,5,0,0.7
7944,ローランド,5,5,0.8
6140,旭ダイヤモンド工業,5,22,0.8
7921,ＴＡＫＡＲＡ　＆　ＣＯＭＰＡＮＹ,5,1,8.0
1663,Ｋ＆Ｏエナジーグループ,5,5,0.4
7214,ＧＭＢ,5,5,1.5
8230,はせがわ,5,13,0.5
3656,ＫＬａｂ,5,5,0.5
6522,アスタリスク,5,5,0.4
4420,イーソル,5,7,1.0
7942,ＪＳＰ,5,5,0.8
3765,ガンホー・オンライン・エンターテイメント,5,15,0.7
2206,江崎グリコ,5,6,1.1
9163,ナレルグループ,5,6,0.8
4299,ハイマックス,5,2,0.5
3191,ジョイフル本田,5,0,0.4
334A,ビジュアル・プロセッシング・ジャパン,5,4,0.5
6257,藤商事,5,5,0.2
7832,バンダイナムコホールディングス,5,5,0.8
2469,ヒビノ,5,0,0.5
7600,日本エム・ディ・エム,5,2,1.3
3291,飯田グループホールディングス,5,25,0.7
6632,ＪＶＣケンウッド,5,5,0.4
7092,Ｆａｓｔ　Ｆｉｔｎｅｓｓ　Ｊａｐａｎ,5,3,0.9
9900,サガミホールディングス,5,5,0.4
4641,アルプス技研,5,0,0.7
9701,東京會舘,5,5,0.8
6958,日本シイエムケイ,5,18,0.6
4534,持田製薬,5,11,0.7
3687,フィックスターズ,5,0,0.8
6098,リクルートホールディングス,5,5,0.6
6506,安川電機,5,5,0.6
7222,日産車体,5,0,0.6
8935,ＦＪネクストホールディングス,5,5,0.4
7747,朝日インテック,5,5,0.6
9716,乃村工藝社,5,0,0.3
4558,中京医薬品,5,1,0.4
6652,ＩＤＥＣ,5,5,0.8
7545,西松屋チェーン,5,22,1.2
6382,トリニティ工業,5,5,0.5
6977,日本抵抗器製作所,5,5,0.2
2158,ＦＲＯＮＴＥＯ,5,5,6.8
7384,プロクレアホールディングス,5,12,0.7
7780,メニコン,5,27,0.7
7731,ニコン,5,5,0.7
4376,くふうカンパニーホールディングス,5,6,0.6
3580,小松マテーレ,5,12,0.4
7270,ＳＵＢＡＲＵ,5,5,0.6
6413,理想科学工業,5,23,1.1
6005,三浦工業,5,5,0.8
7702,ＪＭＳ,5,24,2.9
8628,松井証券,5,19,1.7
7244,市光工業,5,18,0.9
4613,関西ペイント,5,14,0.6
6366,千代田化工建設,5,5,0.9
9331,キャスター,5,5,0.4
5110,住友ゴム工業,5,15,0.8
6937,古河電池,5,5,3.5
7760,ＩＭＶ,5,4,0.6
4502,武田薬品工業,5,0,0.8
6899,ＡＳＴＩ,5,14,0.3
7898,ウッドワン,5,6,1.4
7272,ヤマハ発動機,5,5,1.2
9692,シーイーシー,5,5,2.4
5753,日本伸銅,5,5,0.6
8060,キヤノンマーケティングジャパン,5,5,0.5
4371,コアコンセプト・テクノロジー,5,2,1.9
8185,チヨダ,5,5,0.4
4249,森六,5,5,0.8
6178,日本郵政,5,5,0.4
6073,アサンテ,5,5,0.3
8200,リンガーハット,5,9,0.8
3538,ウイルプラスホールディングス,5,5,0.2
4574,大幸薬品,5,0,0.8
2305,スタジオアリス,5,0,2.3
9663,ナガワ,5,5,0.4
2375,ギグワークス,5,2,1.3
6292,カワタ,5,12,1.9
7860,エイベックス,5,5,0.7
4026,神島化学工業,5,6,0.3
9227,マイクロ波化学,5,0,1.2
5201,ＡＧＣ,5,5,0.5
4523,エーザイ,5,5,1.0
7215,ファルテック,5,13,0.2
9010,富士急行,5,7,0.6
9104,商船三井,5,5,0.6
5726,大阪チタニウムテクノロジーズ,5,6,0.6
4923,コタ,5,0,0.5
3192,白鳩,5,0,0.5
5192,三ツ星ベルト,5,11,0.8
9424,日本通信,5,5,0.5
4528,小野薬品工業,5,14,0.6
2395,新日本科学,5,0,1.1
5332,ＴＯＴＯ,5,5,0.7
8011,三陽商会,5,5,0.7
2003,日東富士製粉,5,5,0.9
1928,積水ハウス,5,6,0.9
6118,アイダエンジニアリング,5,5,0.7
7931,未来工業,5,11,1.0
7192,日本モーゲージサービス,5,5,1.8
4390,ＩＰＳ,5,0,0.8
5122,オカモト,5,7,0.7
1435,ｒｏｂｏｔ　ｈｏｍｅ,5,6,2.9
7951,ヤマハ,5,5,0.5
9046,神戸電鉄,5,5,0.8
6289,技研製作所,5,5,0.8
1841,サンユー建設,5,0,0.1
6724,セイコーエプソン,5,5,0.8
6326,クボタ,5,5,0.5
3079,ディーブイエックス,5,0,4.0
2307,クロスキャット,5,5,1.3
3955,イムラ,5,0,1.3
7366,ＬＩＴＡＬＩＣＯ,5,5,0.5
7238,曙ブレーキ工業,5,5,1.2
4498,サイバートラスト,5,3,1.5
7203,トヨタ自動車,5,5,0.7
6254,野村マイクロ・サイエンス,5,2,3.2
5704,ＪＭＣ,5,3,0.4
6223,西部技研,5,5,0.8
7261,マツダ,5,5,0.5
4901,富士フイルムホールディングス,5,5,0.5
8142,トーホー,6,19,1.4
5406,神戸製鋼所,6,15,0.8
3267,フィル・カンパニー,6,0,0.4
6248,横田製作所,6,2,1.7
5563,新日本電工,6,15,0.9
2376,サイネックス,6,5,0.2
5471,大同特殊鋼,6,6,1.5
2304,ＣＳＳホールディングス,6,10,1.2
5959,岡部,6,17,0.6
6482,ＹＵＳＨＩＮ,6,12,0.7
7946,光陽社,6,7,0.6
9558,ジャパニアス,6,0,0.7
6273,ＳＭＣ,6,5,0.6
5445,東京鐵鋼,6,15,0.8
8029,ルックホールディングス,6,6,0.9
2780,コメ兵ホールディングス,6,6,0.9
6469,放電精密加工研究所,6,0,0.7
4932,アルマード,6,5,0.5
331A,メディックス,6,12,0.8
3645,メディカルネット,6,7,1.1
4053,Ｓｕｎ　Ａｓｔｅｒｉｓｋ,6,7,1.6
9849,共同紙販ホールディングス,6,11,1.0
5025,マーキュリー,6,1,10.9
2374,セントケア・ホールディング,6,6,0.5
4055,ティアンドエスグループ,6,6,2.5
5256,Ｆｕｓｉｃ,6,17,0.5
5401,日本製鉄,6,14,0.5
6696,トラース・オン・プロダクト,6,4,0.7
7719,東京衡機,6,5,0.7
7847,グラファイトデザイン,6,6,2.0
4736,日本ラッド,6,3,2.9
2882,イートアンドホールディングス,6,9,0.9
7879,ノダ,6,18,0.2
4960,ケミプロ化成,6,11,0.9
1994,高橋カーテンウォール工業,6,6,1.9
3961,シルバーエッグ・テクノロジー,6,3,0.2
4059,まぐまぐ,6,6,22.0
3900,クラウドワークス,6,16,0.5
7434,オータケ,6,17,0.8
7133,ＨＹＵＧＡ　ＰＲＩＭＡＲＹ　ＣＡＲＥ,6,6,0.6
2993,長栄,6,8,0.1
9658,ビジネスブレイン太田昭和,6,8,0.4
8917,ファースト住建,6,6,2.4
2930,北の達人コーポレーション,6,5,0.5
2970,グッドライフカンパニー,6,6,2.3
2708,久世,7,18,0.6
4429,リックソフト,7,7,1.1
5031,モイ,7,7,1.3
7911,ＴＯＰＰＡＮホールディングス,7,24,0.8
3232,三重交通グループホールディングス,7,7,0.7
6384,昭和真空,7,6,0.2
5952,アマテイ,7,7,0.5
8242,エイチ・ツー・オー　リテイリング,7,17,1.0
7140,ペットゴー,7,16,1.9
2004,昭和産業,7,5,0.6
3374,内外テック,7,6,1.0
9404,日本テレビホールディングス,7,7,0.7
9466,アイドママーケティングコミュニケーション,7,6,1.2
3180,ビューティガレージ,7,7,0.6
9647,協和コンサルタンツ,7,0,0.2
6282,オイレス工業,7,12,0.8
4549,栄研化学,7,7,0.9
4218,ニチバン,7,8,0.6
9265,ヤマシタヘルスケアホールディングス,7,8,1.7
9927,ワットマン,7,7,0.3
2936,ベースフード,7,7,0.7
6955,ＦＤＫ,7,8,0.5
9413,テレビ東京ホールディングス,8,12,0.8
4689,ＬＩＮＥヤフー,8,8,0.3
4052,フィーチャ,8,0,0.7
3916,デジタル・インフォメーション・テクノロジー,8,9,0.5
8125,ワキタ,8,22,0.6
8233,高島屋,8,15,0.7
9076,セイノーホールディングス,8,9,0.7
4388,エーアイ,8,8,0.5
6229,オーケーエム,8,6,0.9
5126,ポーターズ,8,7,1.0
274A,ガーデン,8,7,0.7
4968,荒川化学工業,8,12,0.6
9735,セコム,8,8,0.5
3976,シャノン,8,12,0.2
2428,ウェルネット,8,5,0.5
9257,ＹＣＰホールディングス（グローバル）リミテッド　ＪＤＲ,8,5,0.2
9332,ＮＩＳＳＯホールディングス,8,24,0.5
7850,総合商研,8,8,1.1
1827,ナカノフドー建設,8,6,0.3
6391,加地テック,8,5,0.4
9505,北陸電力,8,23,1.0
4367,広栄化学,8,8,1.3
4475,ＨＥＮＮＧＥ,8,0,0.9
4380,Ｍマート,8,6,0.4
4762,エックスネット,8,7,1.6
3397,トリドールホールディングス,8,19,0.4
9330,揚羽,8,9,2.9
6035,アイ・アールジャパンホールディングス,8,14,1.1
3636,三菱総合研究所,9,8,1.4
2795,日本プリメックス,9,7,3.0
7085,カーブスホールディングス,9,5,0.8
7840,フランスベッドホールディングス,9,6,0.6
9248,人・夢・技術グループ,9,10,0.7
9171,栗林商船,9,14,0.5
1418,インターライフホールディングス,9,9,1.1
2915,ケンコーマヨネーズ,9,16,0.9
3135,マーケットエンタープライズ,9,6,1.5
9087,タカセ,9,11,11.0
4242,タカギセイコー,9,9,5.3
6721,ウインテスト,9,9,0.6
6181,タメニー,9,2,1.2
4568,第一三共,9,10,0.6
4881,ファンペップ,9,0,2.5
7049,識学,9,3,0.8
3222,ユナイテッド・スーパーマーケット・ホールディングス,9,9,0.4
7872,エステールホールディングス,9,27,0.2
9766,コナミグループ,9,0,0.8
9504,中国電力,9,22,0.9
6954,ファナック,9,7,0.3
4255,ＴＨＥＣＯＯ,9,26,0.0
8104,クワザワホールディングス,9,6,0.5
1491,中外鉱業,9,14,0.7
5915,駒井ハルテック,9,8,0.8
7422,東邦レマック,9,9,0.7
3177,ありがとうサービス,9,0,0.7
7730,マニー,9,8,0.5
4628,エスケー化研,9,11,0.7
4234,サンエー化研,9,25,2.1
3912,モバイルファクトリー,9,7,0.4
4478,フリー,10,11,0.6
4783,ＮＣＤ,10,8,0.5
4463,日華化学,10,12,1.4
9930,北沢産業,10,8,0.5
6392,ヤマダコーポレーション,10,10,1.4
7818,トランザクション,10,16,0.9
4902,コニカミノルタ,10,5,0.7
9799,旭情報サービス,10,1,0.1
5079,ノバック,10,15,1.0
6961,エンプラス,10,5,2.4
6208,石川製作所,10,10,0.8
9962,ミスミグループ本社,10,13,0.6
2173,博展,10,12,1.3
2153,Ｅ・Ｊホールディングス,10,16,0.6
7925,前澤化成工業,10,5,0.5
4627,ナトコ,10,20,0.4
6798,ＳＭＫ,10,25,5.2
8747,豊トラスティ証券,10,14,0.2
5985,サンコール,10,18,0.6
6999,ＫＯＡ,11,12,0.5
6620,宮越ホールディングス,11,12,0.5
9837,モリト,11,14,0.7
2875,東洋水産,11,11,0.7
9629,ピー・シー・エー,11,11,1.1
4616,川上塗料,11,10,1.6
4973,日本高純度化学,11,10,0.2
5984,兼房,11,5,1.4
2009,鳥越製粉,11,4,0.7
9514,エフオン,11,12,0.5
3981,ビーグリー,11,22,0.2
2491,バリューコマース,11,9,1.4
7917,ＺＡＣＲＯＳ,11,18,0.7
2917,大森屋,11,0,0.5
5695,パウダーテック,11,11,0.0
9778,昴,11,22,1.5
2876,デルソーレ,11,22,0.5
4178,Ｓｈａｒｉｎｇ　Ｉｎｎｏｖａｔｉｏｎｓ,11,11,0.2
6245,ヒラノテクシード,11,12,0.7
5380,新東,11,8,0.4
7058,共栄セキュリティーサービス,11,11,0.1
2179,成学社,11,8,0.7
2652,まんだらけ,11,15,0.3
8860,フジ住宅,11,8,1.5
4887,サワイグループホールディングス,11,14,1.1
5458,高砂鐵工,11,16,4.6
7463,アドヴァングループ,11,11,1.0
9698,クレオ,11,7,2.4
6309,巴工業,11,14,0.7
9107,川崎汽船,12,12,0.7
6383,ダイフク,12,6,0.5
3300,アンビション　ＤＸ　ホールディングス,12,12,0.4
8908,毎日コムネット,12,20,0.2
8079,正栄食品工業,12,17,0.6
5461,中部鋼鈑,12,12,1.1
4082,第一稀元素化学工業,12,19,0.8
4503,アステラス製薬,12,12,0.6
2733,あらた,12,15,0.8
8766,東京海上ホールディングス,12,6,0.6
2531,宝ホールディングス,12,12,0.5
7865,ピープル,12,11,0.4
1826,佐田建設,12,12,0.2
3989,シェアリングテクノロジー,12,12,0.9
4671,ファルコホールディングス,12,12,0.5
3387,クリエイト・レストランツ・ホールディングス,12,10,0.6
6298,ワイエイシイホールディングス,12,8,0.8
3591,ワコールホールディングス,12,27,0.5
6670,ＭＣＪ,12,12,0.3
4792,山田コンサルティンググループ,12,23,0.4
1736,オーテック,12,27,0.5
1726,ビーアールホールディングス,12,14,1.2
6797,名古屋電機工業,12,16,1.2
3422,Ｊ－ＭＡＸ,12,13,0.1
9902,日伝,12,14,0.6
1712,ダイセキ環境ソリューション,12,8,0.7
6625,ＪＡＬＣＯホールディングス,12,11,1.1
4092,日本化学工業,12,24,1.0
6089,ウィルグループ,12,22,0.6
6928,エノモト,12,10,0.5
7421,カッパ・クリエイト,12,5,0.7
8894,ＲＥＶＯＬＵＴＩＯＮ,12,14,1.6
8153,モスフードサービス,12,12,0.5
6779,日本電波工業,12,15,1.7
5816,オーナンバ,12,6,0.3
4970,東洋合成工業,12,13,1.6
8237,松屋,12,12,0.4
7596,魚力,12,12,0.9
8996,ハウスフリーダム,12,18,0.1
9380,東海運,12,26,32.8
6763,帝国通信工業,12,5,0.2
6463,ＴＰＲ,12,24,0.7
1380,秋川牧園,12,13,0.9
2266,六甲バター,12,22,0.8
2418,ツカダ・グローバルホールディング,12,12,1.5
7823,アートネイチャー,12,30,0.8
6145,ＮＩＴＴＯＫＵ,12,21,0.6
8541,愛媛銀行,13,17,0.4
9928,ミロク情報サービス,13,14,0.5
1793,大本組,13,25,0.2
6555,ＭＳ＆Ｃｏｎｓｕｌｔｉｎｇ,13,5,0.0
2784,アルフレッサ　ホールディングス,13,31,0.5
9531,東京瓦斯,13,11,0.9
4657,環境管理センター,13,4,0.1
7199,プレミアグループ,13,12,1.1
7988,ニフコ,13,24,0.7
3979,うるる,13,19,0.8
4750,ダイサン,13,15,0.5
9557,エアークローゼット,13,6,0.6
6699,ダイヤモンドエレクトリックホールディングス,13,12,0.3
2721,ジェイホールディングス,13,0,0.5
2425,ケアサービス,13,13,0.8
7150,島根銀行,13,24,0.7
7871,フクビ化学工業,13,15,1.1
3317,フライングガーデン,13,16,0.4
7063,Ｂｉｒｄｍａｎ,13,5,1.3
7278,エクセディ,13,15,0.5
298A,ＧＶＡ　ＴＥＣＨ,13,8,0.6
4272,日本化薬,14,20,1.1
2315,ＣＡＩＣＡ　ＤＩＧＩＴＡＬ,14,5,1.1
7953,菊水化学工業,14,10,2.6
3153,八洲電機,14,14,1.2
6250,やまびこ,14,5,0.5
5571,エキサイトホールディングス,14,30,0.1
7202,いすゞ自動車,14,18,1.2
6180,ＧＭＯメディア,14,5,2.1
3612,ワールド,14,15,1.0
6144,西部電機,14,14,0.9
5282,ジオスター,14,12,0.5
2726,パルグループホールディングス,14,14,0.6
7337,ひろぎんホールディングス,14,13,0.5
7746,岡本硝子,14,15,0.5
7602,レダックス,14,0,4.0
5830,いよぎんホールディングス,14,23,0.5
7716,ナカニシ,14,16,0.9
4431,スマレジ,14,13,0.8
7172,ジャパンインベストメントアドバイザー,14,14,1.7
147A,ソラコム,14,14,0.9
9861,吉野家ホールディングス,14,14,1.0
7482,シモジマ,14,14,0.3
8381,山陰合同銀行,14,14,0.5
8566,リコーリース,14,20,0.9
8713,フィデアホールディングス,14,18,0.6
8135,ゼット,14,14,0.4
177A,コージンバイオ,14,2,0.2
7443,横浜魚類,14,1,0.4
5541,大平洋金属,14,14,0.6
2831,はごろもフーズ,14,22,1.1
4047,関東電化工業,14,14,1.3
7779,ＣＹＢＥＲＤＹＮＥ,14,13,0.7
4644,イマジニア,14,5,0.5
7459,メディパルホールディングス,14,14,0.5
4611,大日本塗料,14,25,0.9
4998,フマキラー,14,13,0.4
3011,バナーズ,14,2,0.3
4624,イサム塗料,14,0,2.5
8418,山口フィナンシャルグループ,14,19,0.4
8275,フォーバル,14,5,0.5
3917,アイリッジ,14,20,1.1
6694,ズーム,14,14,1.2
6981,村田製作所,14,15,0.8
6294,オカダアイヨン,14,5,0.5
7128,フルサト・マルカホールディングス,14,6,1.3
4975,ＪＣＵ,14,14,0.6
4260,ハイブリッドテクノロジーズ,14,14,0.4
4073,ジィ・シィ企画,14,6,0.1
2698,キャンドゥ,14,19,0.7
6286,靜甲,14,22,0.1
2329,東北新社,14,15,0.1
6586,マキタ,14,5,0.8
8383,鳥取銀行,14,14,0.7
8999,グランディハウス,14,34,1.0
7456,松田産業,14,15,0.9
7381,北國フィナンシャルホールディングス,14,19,0.4
4569,杏林製薬,14,5,1.0
7467,萩原電気ホールディングス,14,5,3.6
7276,小糸製作所,14,15,2.0
4245,ダイキアクシス,14,12,1.3
2613,Ｊ－オイルミルズ,14,22,0.6
4410,ハリマ化成グループ,14,23,0.9
7762,シチズン時計,14,12,1.0
3891,ニッポン高度紙工業,14,12,1.6
9307,杉村倉庫,14,13,0.6
6817,スミダコーポレーション,14,5,1.4
5838,楽天銀行,14,5,0.5
7138,ＴＯＲＩＣＯ,14,21,1.0
8424,芙蓉総合リース,14,14,0.6
9619,イチネンホールディングス,14,15,1.1
3512,日本フエルト,14,20,4.7
1662,石油資源開発,14,7,0.8
7606,ユナイテッドアローズ,14,23,0.5
6358,酒井重工業,14,21,0.4
7354,ダイレクトマーケティングミックス,14,8,0.6
8107,キムラタン,14,6,0.4
7184,富山第一銀行,14,22,0.6
8346,東邦銀行,14,15,0.7
4933,Ｉ－ｎｅ,15,8,1.7
5108,ブリヂストン,15,15,0.6
3054,ハイパー,15,8,2.7
7280,ミツバ,15,15,1.0
6474,不二越,15,23,0.5
9997,ベルーナ,15,15,0.9
5992,中央発條,15,12,0.6
8074,ユアサ商事,15,14,0.8
6966,三井ハイテック,15,12,1.0
5261,リソルホールディングス,15,15,0.8
6276,シリウスビジョン,15,3,0.1
4631,ＤＩＣ,15,14,0.4
5711,三菱マテリアル,15,6,0.5
6925,ウシオ電機,15,5,0.7
4829,日本エンタープライズ,15,8,0.8
9110,ＮＳユナイテッド海運,15,5,0.5
5757,ＣＫサンエツ,15,22,1.3
4801,セントラルスポーツ,15,16,1.1
6101,ツガミ,15,13,0.6
166A,タスキホールディングス,15,5,0.5
9075,福山通運,15,29,0.3
3569,セーレン,15,14,0.8
8869,明和地所,15,6,0.0
5016,ＪＸ金属,15,25,0.7
6952,カシオ計算機,15,36,0.4
4571,ＮＡＮＯ　ＭＲＮＡ,15,3,0.5
8132,シナネンホールディングス,15,20,0.3
4979,ＯＡＴアグリオ,15,15,1.2
4452,花王,15,10,0.4
3802,エコミック,15,15,0.6
7347,マーキュリアホールディングス,15,17,0.3
1431,Ｌｉｂ　Ｗｏｒｋ,15,6,0.7
3329,東和フードサービス,15,6,1.2
6237,イワキポンプ,15,14,0.5
6104,芝浦機械,15,20,0.5
262A,インターメスティック,15,16,0.6
5351,品川リフラクトリーズ,15,14,0.8
3863,日本製紙,15,17,0.5
6658,シライ電子工業,15,12,0.8
5019,出光興産,15,22,0.9
9337,トリドリ,15,6,0.8
2753,あみやき亭,15,8,0.8
3810,サイバーステップ,15,0,0.7
4202,ダイセル,15,18,0.9
6458,新晃工業,15,15,0.5
7718,スター精密,15,21,0.8
9742,アイネス,15,12,0.9
5821,平河ヒューテック,15,11,0.7
4880,セルソース,15,5,0.8
6432,竹内製作所,15,23,0.7
8708,アイザワ証券グループ,15,0,1.0
7389,あいちフィナンシャルグループ,15,19,0.6
9262,シルバーライフ,15,10,10.0
8789,フィンテック　グローバル,15,15,1.0
7901,マツモト,15,17,2.0
9600,アイネット,15,5,0.3
7420,佐鳥電機,15,23,2.7
5232,住友大阪セメント,15,8,0.7
6165,パンチ工業,15,25,0.3
4974,タカラバイオ,15,23,2.9
7741,ＨＯＹＡ,15,15,0.7
5184,ニチリン,15,13,1.1
254A,ＡＩフュージョンキャピタルグループ,15,0,1.2
6929,日本セラミック,15,15,0.4
3969,エイトレッド,15,15,0.2
5410,合同製鐵,15,6,1.8
4415,ブロードエンタープライズ,15,15,2.2
8793,ＮＥＣキャピタルソリューション,15,23,1.5
6335,東京機械製作所,15,1,1.5
6557,ＡＩＡＩグループ,16,4,0.7
9302,三井倉庫ホールディングス,16,0,0.4
9950,ハチバン,16,16,0.5
9929,平和紙業,16,0,0.3
7791,ドリームベッド,16,16,1.5
3904,カヤック,16,5,0.8
4448,ｋｕｂｅｌｌ,16,15,0.7
5216,倉元製作所,16,0,0.5
3753,フライトソリューションズ,16,0,0.4
5858,ＳＴＧ,16,9,3.6
265A,Ｈｍｃｏｍｍ,16,7,0.2
8387,四国銀行,16,17,0.5
3992,ニーズウェル,16,8,0.7
6328,荏原実業,16,12,0.3
9605,東映,16,17,0.5
2185,シイエム・シイ,16,16,1.0
6532,ベイカレント,16,16,1.0
4769,ＩＣ,16,1,0.6
4235,ウルトラファブリックス・ホールディングス,16,5,0.8
3661,エムアップホールディングス,16,1,0.5
4883,モダリス,16,15,0.8
4651,サニックスホールディングス,16,5,0.4
3490,アズ企画設計,16,23,1.1
4966,上村工業,16,24,1.2
2483,翻訳センター,16,16,0.1
7187,ジェイリース,16,26,0.9
6836,ぷらっとホーム,16,5,5.5
3747,インタートレード,16,0,0.7
5240,ｍｏｎｏＡＩ　ｔｅｃｈｎｏｌｏｇｙ,16,0,1.5
6325,タカキタ,16,2,0.5
352A,ＬＩＦＥ　ＣＲＥＡＴＥ,16,18,1.4
5729,日本精鉱,16,14,1.1
6232,ＡＣＳＬ,16,0,0.7
2924,イフジ産業,16,21,0.5
5957,日東精工,16,17,1.6
6364,ＡＩＲＭＡＮ,16,14,1.1
5381,Ｍｉｐｏｘ,16,6,0.4
5616,雨風太陽,16,5,1.3
367A,プリモグローバルホールディングス,16,16,0.5
4583,カイオム・バイオサイエンス,16,0,0.4
1861,熊谷組,16,16,0.8
4650,ＳＤエンターテイメント,16,3,0.4
2659,サンエー,16,14,0.6
4237,フジプレアム,16,4,0.5
4743,アイティフォー,16,11,0.8
1853,森組,16,23,4.8
3050,ＤＣＭホールディングス,16,19,0.5
7902,ソノコム,16,11,1.3
8218,コメリ,16,27,0.4
4384,ラクスル,16,15,0.6
2612,かどや製油,17,6,0.7
7455,パリミキホールディングス,17,14,2.2
9854,愛眼,17,16,0.5
8551,北日本銀行,17,30,0.5
4972,綜研化学,17,17,0.8
6209,リケンＮＰＲ,17,18,0.4
5990,スーパーツール,17,4,1.7
9769,学究社,17,14,0.7
3075,銚子丸,17,28,0.8
5199,不二ラテックス,17,13,0.7
7345,アイ・パートナーズフィナンシャル,17,18,2.7
9006,京浜急行電鉄,17,17,0.6
5187,クリエートメディック,17,6,1.0
2224,コモ,17,2,3.5
4247,ポバール興業,17,17,2.2
9636,きんえい,17,2,1.8
4179,ジーネクスト,17,1,3.0
8203,ＭｒＭａｘＨＤ,17,18,2.0
9996,サトー商会,17,19,0.1
3922,ＰＲ　ＴＩＭＥＳ,17,17,2.3
4596,窪田製薬ホールディングス,17,17,0.8
1941,中電工,17,14,0.6
7256,河西工業,17,18,1.0
6635,大日光・エンジニアリング,17,5,1.1
5911,横河ブリッジホールディングス,17,17,1.9
4228,積水化成品工業,17,23,1.3
9763,丸紅建材リース,17,13,0.4
5949,ユニプレス,17,23,0.5
2330,フォーサイド,17,14,1.6
9678,カナモト,17,15,1.4
7112,キューブ,17,0,1.0
3361,トーエル,17,4,0.3
1833,奥村組,17,22,0.7
7997,くろがね工作所,17,29,0.5
3315,日本コークス工業,17,18,1.0
4261,アジアクエスト,17,28,0.9
3624,アクセルマーク,17,2,0.3
8338,筑波銀行,17,17,0.4
1786,オリエンタル白石,17,25,0.7
4442,バルテス・ホールディングス,18,20,1.1
5909,コロナ,18,23,0.4
8698,マネックスグループ,18,18,0.9
8181,東天紅,18,18,0.9
5271,トーヨーアサノ,18,14,1.3
8772,アサックス,18,15,0.4
9633,東京テアトル,18,23,0.7
7130,ヤマエグループホールディングス,18,21,0.5
6171,土木管理総合試験所,18,18,0.4
9067,丸運,18,31,0.8
5411,ＪＦＥホールディングス,18,0,0.8
2301,学情,18,16,1.6
5480,日本冶金工業,18,23,0.6
8410,セブン銀行,18,14,0.6
3116,トヨタ紡織,18,19,0.7
7264,ムロコーポレーション,18,15,0.4
9511,沖縄電力,18,23,0.7
5991,日本発條,18,15,1.0
3657,ポールトゥウィンホールディングス,18,23,2.1
6479,ミネベアミツミ,18,23,0.6
6734,ニューテック,18,18,3.7
3667,ｅｎｉｓｈ,18,2,1.0
4891,ティムス,18,0,1.1
7247,ミクニ,18,5,0.7
4642,オリジナル設計,18,18,1.9
7372,デコルテ・ホールディングス,18,17,0.3
3185,夢展望,18,0,1.9
6551,ツナググループ・ホールディングス,18,9,0.7
7102,日本車輌製造,18,18,7.9
5660,神鋼鋼線工業,18,31,1.1
7991,マミヤ・オーピー,18,18,0.7
4044,セントラル硝子,18,34,1.0
6723,ルネサスエレクトロニクス,18,0,0.7
5857,ＡＲＥホールディングス,18,42,0.7
5268,旭コンクリート工業,18,12,0.3
4471,三洋化成工業,18,19,0.3
6539,ＭＳ－Ｊａｐａｎ,18,24,0.3
205A,ロゴスホールディングス,18,16,0.8
1914,日本基礎技術,18,22,3.2
3143,オーウイル,18,36,0.2
3541,農業総合研究所,18,18,1.0
9508,九州電力,18,23,0.8
7042,アクセスグループ・ホールディングス,18,18,1.1
6327,北川精機,18,16,1.1
4956,コニシ,18,22,1.3
4849,エン・ジャパン,18,22,0.3
5698,エンビプロ・ホールディングス,18,17,0.8
3242,アーバネットコーポレーション,19,13,0.5
9073,京極運輸商事,19,19,0.6
6915,千代田インテグレ,19,19,0.8
6743,大同信号,19,8,0.3
3951,朝日印刷,19,22,0.6
3401,帝人,19,29,1.0
8086,ニプロ,19,21,0.5
3546,アレンザホールディングス,19,19,0.8
3178,チムニー,19,21,0.7
9552,Ｍ＆Ａ総研ホールディングス,19,15,1.1
4839,ＷＯＷＯＷ,19,22,0.3
7267,本田技研工業,19,19,0.5
1930,北陸電気工事,19,19,2.7
2810,ハウス食品グループ本社,19,24,0.5
2782,セリア,19,23,0.7
2393,日本ケアサプライ,19,27,0.9
6371,椿本チエイン,19,17,0.8
5020,ＥＮＥＯＳホールディングス,19,15,1.1
4061,デンカ,19,21,0.7
5922,那須電機鉄工,19,5,0.2
2291,福留ハム,19,0,2.8
2378,ルネサンス,19,26,0.4
9059,カンダホールディングス,19,19,0.4
2790,ナフコ,19,22,0.6
3023,ラサ商事,19,15,1.3
7198,ＳＢＩアルヒ,19,18,0.8
6083,ＥＲＩホールディングス,19,22,1.9
5013,ユシロ,19,19,0.9
8887,シーラホールディングス,19,5,0.5
7943,ニチハ,19,19,0.7
3109,シキボウ,19,24,0.2
4539,日本ケミファ,19,3,0.4
9119,飯野海運,19,15,0.7
1420,サンヨーホームズ,19,0,0.8
2480,システム・ロケーション,19,20,0.6
2874,横浜冷凍,19,17,0.4
5997,協立エアテック,19,19,5.9
2207,名糖産業,19,23,0.4
1787,ナカボーテック,19,0,0.5
9904,ベリテ,19,1,2.0
6629,テクノホライゾン,19,29,0.4
5658,日亜鋼業,19,19,0.7
9017,新潟交通,19,8,1.0
9385,ショーエイコーポレーション,20,31,0.3
7743,シード,20,30,0.2
4845,スカラ,20,20,0.4
6448,ブラザー工業,20,5,0.7
7965,象印マホービン,20,23,0.9
4524,森下仁丹,20,17,2.5
3360,シップヘルスケアホールディングス,20,36,0.9
3953,大村紙業,20,21,0.3
8337,千葉興業銀行,20,30,0.3
9795,ステップ,20,0,0.7
3909,ショーケース,20,0,0.6
7749,メディキット,20,28,0.7
7426,山大,20,0,0.5
6302,住友重機械工業,20,23,0.6
8742,小林洋行,20,3,0.3
4381,ビープラッツ,20,0,0.9
2877,日東ベスト,20,31,1.4
9513,電源開発,20,23,0.5
2481,タウンニュース社,20,4,0.3
8995,誠建設工業,20,11,0.4
9475,昭文社ホールディングス,20,3,0.4
3474,Ｇ－ＦＡＣＴＯＲＹ,20,22,0.5
5851,リョービ,21,21,0.7
8416,高知銀行,21,23,0.6
5076,インフロニア・ホールディングス,21,22,0.5
6484,ＫＶＫ,21,5,0.3
5612,日本鋳鉄管,21,0,2.3
9367,大東港運,21,27,0.5
4920,日本色材工業研究所,21,27,0.1
3513,イチカワ,21,26,0.5
9368,キムラユニティー,21,16,0.7
5938,ＬＩＸＩＬ,21,5,0.4
3173,Ｃｏｍｉｎｉｘ,21,23,0.9
1770,藤田エンジニアリング,21,21,0.1
4182,三菱瓦斯化学,21,23,0.6
7938,リーガルコーポレーション,21,5,0.8
4664,アール・エス・シー,21,30,0.2
9635,武蔵野興業,21,10,0.1
5715,古河機械金属,21,19,0.8
4705,クリップコーポレーション,21,2,3.0
3434,アルファＣｏ,21,22,0.6
6363,酉島製作所,21,23,1.0
3878,巴川コーポレーション,21,0,1.7
7846,パイロットコーポレーション,21,21,1.0
7957,フジコピアン,21,29,0.3
2220,亀田製菓,21,22,0.8
7670,オーウエル,21,26,3.4
7447,ナガイレーベン,21,23,0.6
7538,大水,21,28,0.4
6157,日進工具,21,25,0.6
9503,関西電力,21,23,0.8
7555,大田花き,21,6,0.6
141A,トライアルホールディングス,21,26,1.1
1724,シンクレイヤ,21,11,0.2
3437,特殊電極,21,19,10.0
3902,メディカル・データ・ビジョン,21,21,0.6
7362,Ｔ．Ｓ．Ｉ,22,3,1.7
6059,ウチヤマホールディングス,22,0,2.3
9258,ＣＳ－Ｃ,22,22,0.7
5017,富士石油,22,5,1.3
6440,ＪＵＫＩ,22,34,0.8
5714,ＤＯＷＡホールディングス,22,22,0.6
8291,日産東京販売ホールディングス,22,23,0.5
4005,住友化学,22,23,0.8
5355,日本坩堝,22,0,0.7
3402,東レ,22,5,0.6
8700,丸八証券,22,28,0.7
6996,ニチコン,22,23,0.7
6472,ＮＴＮ,22,25,0.7
7878,光・彩,22,25,0.2
7111,ＩＮＥＳＴ,22,25,0.8
6166,中村超硬,22,30,0.7
9699,ニシオホールディングス,22,23,0.8
5962,浅香工業,22,16,5.0
7922,三光産業,22,25,0.9
8848,レオパレス２１,22,20,0.6
5951,ダイニチ工業,22,22,0.6
5191,住友理工,22,19,1.3
2894,石井食品,22,10,0.5
9399,ビート・ホールディングス・リミテッド,22,33,0.5
6045,レントラックス,22,16,0.7
8283,ＰＡＬＴＡＣ,22,15,1.0
4231,タイガースポリマー,22,21,0.7
6848,東亜ディーケーケー,22,15,0.3
5071,ヴィス,22,16,0.7
7927,ムトー精工,22,22,1.1
5333,日本碍子,22,25,0.6
7277,ＴＢＫ,22,23,1.7
5189,櫻護謨,22,27,0.6
9890,マキヤ,22,21,2.5
6167,冨士ダイス,22,5,0.7
9273,コーア商事ホールディングス,22,15,0.7
6194,アトラエ,22,24,0.7
2602,日清オイリオグループ,22,29,0.6
6768,タムラ製作所,22,5,0.5
7235,東京ラヂエーター製造,22,21,0.9
6367,ダイキン工業,22,22,0.5
9903,カンセキ,22,0,1.5
9020,東日本旅客鉄道,22,0,0.9
3293,アズマハウス,22,23,0.1
9519,レノバ,22,20,1.1
6988,日東電工,23,23,1.0
5331,ノリタケ,23,18,0.9
3407,旭化成,23,5,0.5
7995,バルカー,23,15,0.6
6486,イーグル工業,23,23,0.5
8103,明和産業,23,5,0.7
5981,東京製綱,23,23,0.7
7987,ナカバヤシ,23,6,0.3
3168,ＭＥＲＦ,23,21,0.5
9506,東北電力,23,23,0.7
7241,フタバ産業,23,27,0.8
3941,レンゴー,23,29,0.6
8613,丸三証券,23,5,0.5
9082,大和自動車交通,23,24,0.3
8368,百五銀行,23,17,0.4
7242,カヤバ,23,15,0.3
5702,大紀アルミニウム工業所,23,19,1.0
7607,進和,23,22,0.8
6651,日東工業,23,29,0.9
5463,丸一鋼管,23,19,0.7
6584,三櫻工業,23,25,0.4
1852,淺沼組,23,22,0.7
9509,北海道電力,23,25,0.6
2789,カルラ,23,7,0.8
5632,三菱製鋼,23,15,0.9
8881,日神グループホールディングス,23,37,1.1
8707,岩井コスモホールディングス,23,31,0.3
4809,パラカ,23,18,4.0
4994,大成ラミックグループ,23,31,0.5
1939,四電工,23,6,0.9
4204,積水化学工業,23,5,0.6
5391,エーアンドエーマテリアル,23,30,1.1
7939,研創,23,40,0.3
7246,プレス工業,23,15,0.6
5304,ＳＥＣカーボン,23,45,0.9
8131,ミツウロコグループホールディングス,23,23,0.5
8158,ソーダニッカ,23,22,0.7
6246,テクノスマート,23,8,0.3
6039,日本動物高度医療センター,23,24,0.7
5218,オハラ,23,23,0.5
4205,日本ゼオン,23,29,0.6
7808,シー・エス・ランバー,23,23,0.1
4564,オンコセラピー・サイエンス,23,5,0.9
7412,アトム,23,28,0.8
1860,戸田建設,23,21,0.7
8279,ヤオコー,23,29,0.9
6070,キャリアリンク,23,31,0.7
1882,東亜道路工業,23,19,1.1
7343,ブロードマインド,23,7,0.6
2288,丸大食品,23,22,0.5
4256,サインド,23,20,0.9
5940,不二サッシ,23,23,1.1
9502,中部電力,23,23,0.8
7240,ＮＯＫ,23,23,1.1
8737,あかつき本社,23,23,0.5
6919,ケル,23,12,0.6
7793,イメージ・マジック,23,23,0.0
281A,インフォメティス,23,29,0.5
9507,四国電力,23,11,0.7
3600,フジックス,23,7,3.0
8130,サンゲツ,23,5,0.4
7502,プラザホールディングス,23,0,0.1
6054,リブセンス,23,0,0.8
8425,みずほリース,23,15,0.4
6287,サトー,23,25,0.8
8022,美津濃,23,11,0.8
6033,エクストリーム,23,5,0.9
9536,西部ガスホールディングス,23,6,0.7
3101,東洋紡,23,30,0.5
4668,明光ネットワークジャパン,23,0,0.7
9003,相鉄ホールディングス,24,38,0.6
6312,フロイント産業,24,31,0.1
4021,日産化学,24,14,0.4
4183,三井化学,24,0,0.5
5946,長府製作所,24,18,0.5
7148,ＦＰＧ,24,5,0.7
4597,ソレイジア・ファーマ,24,29,1.0
8285,三谷産業,24,26,0.6
5384,フジミインコーポレーテッド,24,25,0.5
2907,あじかん,24,17,0.4
6643,戸上電機製作所,24,19,0.3
4745,東京個別指導学院,24,5,0.3
8154,加賀電子,24,22,0.5
4406,新日本理化,24,25,1.3
6926,岡谷電機産業,24,0,0.8
6800,ヨコオ,24,30,1.0
3571,ソトー,24,24,2.6
9268,オプティマスグループ,24,25,0.9
1438,岐阜造園,24,0,1.1
3750,サイトリ細胞研究所,24,52,0.2
1780,ヤマウラ,24,23,0.2
2384,ＳＢＳホールディングス,24,37,0.6
7875,竹田ｉＰホールディングス,24,35,0.7
3653,モルフォ,24,26,0.8
6770,アルプスアルパイン,24,5,0.6
4634,ａｒｔｉｅｎｃｅ,24,25,0.8
1840,土屋ホールディングス,24,11,1.0
6622,ダイヘン,24,25,0.5
3447,信和,24,16,0.3
4331,テイクアンドギヴ・ニーズ,24,30,0.4
4187,大阪有機化学工業,25,15,2.3
6155,高松機械工業,25,22,0.0
7916,光村印刷,25,30,1.3
5982,マルゼン,25,0,0.7
4754,トスネット,25,15,8.0
2108,日本甜菜製糖,25,8,0.6
4262,ニフティライフスタイル,25,28,0.6
6819,伊豆シャボテンリゾート,25,2,1.3
7955,クリナップ,25,24,1.1
5010,日本精蝋,25,4,0.6
8835,太平洋興発,25,3,1.0
7175,今村証券,25,0,0.7
4586,メドレックス,25,0,1.5
7250,太平洋工業,25,25,0.2
6976,太陽誘電,25,24,0.8
8609,岡三証券グループ,25,15,0.8
2370,メディネット,25,0,1.4
7839,ＳＨＯＥＩ,25,31,0.6
8076,カノークス,25,25,3.1
6504,富士電機,25,15,0.6
4554,富士製薬工業,25,8,0.7
7918,ヴィア・ホールディングス,25,0,0.3
9639,三協フロンテア,25,48,0.8
5202,日本板硝子,25,24,0.5
4341,西菱電機,25,28,0.2
8207,テンアライド,25,36,1.1
9969,ショクブン,25,29,5.8
6291,日本エアーテック,25,6,0.3
6844,新電元工業,25,39,0.5
4404,ミヨシ油脂,25,31,0.8
6918,アバールデータ,25,30,0.7
6473,ジェイテクト,25,25,0.9
6731,ピクセラ,25,34,0.2
5842,インテグラル,25,36,0.8
8511,日本証券金融,25,14,0.8
4996,クミアイ化学工業,25,5,0.6
4078,堺化学工業,25,23,0.7
6822,大井電気,25,25,1.4
8388,阿波銀行,25,24,0.3
8616,東海東京フィナンシャル・ホールディングス,25,25,0.4
2379,ディップ,25,25,0.7
2323,ｆｏｎｆｕｎ,25,8,2.2
5388,クニミネ工業,25,4,2.5
3929,ソーシャルワイヤー,25,23,2.5
3010,ポラリス・ホールディングス,25,5,2.3
8331,千葉銀行,25,24,0.5
7127,一家ホールディングス,25,35,0.6
3939,カナミックネットワーク,25,25,0.6
8138,三京化成,25,21,0.3
291A,リスキル,25,0,0.4
5533,エリッツホールディングス,25,3,2.3
4428,シノプス,25,3,1.5
4433,ヒト・コミュニケーションズ・ホールディングス,25,5,0.5
6222,島精機製作所,25,26,1.1
8144,デンキョーグループホールディングス,26,20,0.2
5194,相模ゴム工業,26,0,0.3
8508,Ｊトラスト,26,14,1.0
6272,レオン自動機,26,39,1.1
9887,松屋フーズホールディングス,26,8,0.6
142A,ジンジブ,26,18,0.7
6186,一蔵,26,0,0.5
6376,日機装,26,26,0.4
5195,バンドー化学,26,25,0.5
5257,ノバシステム,26,0,1.1
6062,チャーム・ケア・コーポレーション,26,0,1.0
8364,清水銀行,26,31,1.3
6995,東海理化電機製作所,26,44,0.5
2997,ストレージ王,26,21,0.6
6894,パルステック工業,26,26,0.9
5936,東洋シヤッター,26,5,1.1
1762,高松コンストラクショングループ,26,26,0.6
6835,アライドテレシスホールディングス,26,3,0.8
3561,力の源ホールディングス,26,5,0.5
7180,九州フィナンシャルグループ,26,21,0.5
9625,セレスポ,26,37,0.1
3024,クリエイト,26,1,2.5
7915,ＮＩＳＳＨＡ,26,5,0.7
6316,丸山製作所,26,26,1.5
2937,サンクゼール,26,34,2.3
7646,ＰＬＡＮＴ,26,5,0.3
5026,トリプルアイズ,26,0,1.8
5697,サンユウ,27,6,0.1
7888,三光合成,27,27,1.7
6151,日東工器,27,12,0.9
7928,旭化学工業,27,30,0.9
5185,フコク,27,15,0.6
7567,栄電子,27,9,1.2
285A,キオクシアホールディングス,27,0,0.8
6042,ニッキ,27,1,0.1
3176,三洋貿易,27,5,1.7
7725,インターアクション,27,3,2.0
6455,モリタホールディングス,27,23,1.3
6459,大和冷機工業,27,0,1.2
8349,東北銀行,27,43,1.4
3557,ユナイテッド＆コレクティブ,27,58,0.5
3436,ＳＵＭＣＯ,27,36,0.9
8179,ロイヤルホールディングス,27,28,0.9
6914,オプテックスグループ,27,1,0.9
8167,リテールパートナーズ,27,0,0.5
8077,トルク,27,15,0.1
9956,バローホールディングス,27,26,0.9
3634,ソケッツ,27,20,0.2
6433,ヒーハイスト,28,41,0.5
7417,南陽,28,40,0.5
3113,ＵＮＩＶＡ・Ｏａｋホールディングス,28,0,0.3
319A,技術承継機構,28,0,0.5
3241,ウィル,28,6,0.5
8836,ＲＩＳＥ,28,1,2.6
9033,広島電鉄,28,35,0.5
9376,ユーラシア旅行社,28,7,0.5
3670,協立情報通信,28,0,0.2
2933,紀文食品,28,0,1.0
8562,福島銀行,28,19,1.5
4064,日本カーバイド工業,28,28,0.6
6659,メディアリンクス,28,0,0.7
4320,ＣＥホールディングス,28,21,0.4
7161,じもとホールディングス,28,4,1.7
1384,ホクリヨウ,28,2,0.3
9686,東洋テック,28,29,0.6
6908,イリソ電子工業,28,5,0.4
9768,いであ,29,29,0.9
7284,盟和産業,29,40,0.1
4177,ｉ‐ｐｌｕｇ,29,29,0.1
9878,セキド,29,0,0.4
4591,リボミック,29,0,0.2
7864,フジシールインターナショナル,29,34,0.6
2211,不二家,29,29,1.1
5244,ｊｉｇ．ｊｐ,29,3,0.5
6050,イー・ガーディアン,29,31,1.6
8614,東洋証券,29,5,0.6
7516,コーナン商事,29,0,0.8
8891,ＡＭＧホールディングス,29,15,1.0
7208,カネミツ,29,17,0.3
2935,ピックルスホールディングス,29,31,1.2
4011,ヘッドウォータース,29,0,0.5
7885,タカノ,29,28,1.4
2685,アダストリア,29,1,0.9
3646,駅探,29,0,0.1
138A,光フードサービス,29,8,0.4
3461,パルマ,29,22,0.4
6810,マクセル,30,5,0.7
6147,ヤマザキ,30,31,0.0
8334,群馬銀行,30,24,1.6
175A,Ｗｉｌｌ　Ｓｍａｒｔ,30,15,2.7
9240,デリバリーコンサルティング,30,0,1.1
2743,ピクセルカンパニーズ,30,22,0.4
7255,桜井製作所,30,7,0.0
6137,小池酸素工業,30,31,0.6
7867,タカラトミー,30,0,0.9
3856,Ａｂａｌａｎｃｅ,30,22,2.4
6227,ＡＩメカテック,30,5,0.8
6762,ＴＤＫ,30,27,0.6
1783,ｆａｎｔａｓｉｓｔａ,30,30,0.9
4020,ビートレンド,30,30,1.3
9857,英和,30,0,0.6
3611,マツオカコーポレーション,30,12,0.6
2776,新都ホールディングス,30,16,0.5
6771,池上通信機,30,0,0.3
3175,エー・ピーホールディングス,30,47,0.6
3048,ビックカメラ,30,0,0.6
3712,情報企画,30,5,0.6
9446,サカイホールディングス,30,0,0.4
6361,荏原製作所,30,25,1.0
6787,メイコー,30,34,0.5
5741,ＵＡＣＪ,30,28,0.5
7446,東北化学薬品,30,0,1.0
5921,川岸工業,31,29,7.0
6560,エル・ティー・エス,31,4,3.3
4326,インテージホールディングス,31,18,0.5
8163,ＳＲＳホールディングス,31,31,1.1
6982,リード,31,14,0.2
6728,アルバック,31,25,0.4
7615,京都きもの友禅ホールディングス,31,0,0.5
3150,グリムス,31,17,0.7
3840,パス,31,0,1.3
4772,ＳＭ　ＥＮＴＥＲＴＡＩＮＭＥＮＴ　ＪＡＰＡＮ,31,39,0.3
4777,ガーラ,31,0,2.0
6776,天昇電気工業,31,3,1.2
6293,日精樹脂工業,31,5,1.7
7368,表示灯,31,10,2.4
7726,黒田精工,31,1,0.3
4594,ブライトパス・バイオ,31,31,1.7
7590,タカショー,31,5,0.8
8706,極東証券,31,0,0.7
6262,ＰＥＧＡＳＵＳ,31,15,1.1
6993,大黒屋ホールディングス,31,40,0.7
9946,ミニストップ,31,16,0.5
4499,Ｓｐｅｅｅ,31,0,1.5
3202,ダイトウボウ,31,0,4.2
2588,プレミアムウォーターホールディングス,31,31,1.3
8746,ＵＮＢＡＮＫＥＤ,31,8,1.3
9501,東京電力ホールディングス,31,32,0.6
2796,ファーマライズホールディングス,31,1,0.2
2763,エフティグループ,31,0,0.2
6467,ニチダイ,31,15,0.4
4936,アクシージア,31,0,2.4
3639,ボルテージ,31,16,0.4
4926,シーボン,31,15,0.4
6788,日本トリム,31,30,0.6
9438,エムティーアイ,31,0,0.7
3817,ＳＲＡホールディングス,31,0,0.2
9401,ＴＢＳホールディングス,32,31,1.0
7461,キムラ,32,34,0.0
7119,ハルメクホールディングス,32,1,0.4
3988,ＳＹＳホールディングス,32,2,1.1
6240,ヤマシンフィルタ,32,29,1.0
3001,片倉工業,32,32,0.9
4447,ピー・ビーシステムズ,32,32,0.5
7603,マックハウス,32,5,1.6
7370,Ｅｎｊｉｎ,33,4,0.1
4620,藤倉化成,33,36,0.7
5956,トーソー,33,0,0.4
7018,内海造船,33,5,0.6
9535,広島ガス,33,5,0.8
6249,ゲームカード・ジョイコホールディングス,33,18,0.6
3454,ファーストブラザーズ,33,33,0.4
8129,東邦ホールディングス,33,33,0.5
7367,セルム,33,0,1.4
3664,モブキャストホールディングス,34,34,0.5
7849,スターツ出版,34,2,0.2
1443,技研ホールディングス,34,4,1.4
9386,日本コンセプト,34,35,2.2
6823,リオン,34,34,0.9
6663,太洋テクノレックス,34,7,1.5
7551,ウェッズ,34,11,0.2
1929,日特建設,34,34,1.1
6058,ベクトル,34,34,0.6
7856,萩原工業,34,5,0.8
8260,井筒屋,34,0,0.2
5449,大阪製鐵,34,0,0.5
6136,オーエスジー,34,34,0.8
7282,豊田合成,34,25,0.5
1434,ＪＥＳＣＯホールディングス,34,5,0.4
6182,メタリアル,34,0,1.1
9405,朝日放送グループホールディングス,34,12,0.3
9037,ハマキョウレックス,34,34,0.7
8032,日本紙パルプ商事,34,34,0.7
4840,トライアイズ,34,8,1.2
6912,菊水ホールディングス,34,36,0.7
4216,旭有機材,34,32,0.6
3521,エコナックホールディングス,34,3,0.2
3696,セレス,34,0,0.9
4990,昭和化学工業,34,6,0.5
6942,ソフィアホールディングス,34,42,0.4
255A,ジーエルテクノホールディングス,34,11,0.5
7047,ポート,34,5,0.7
7129,ミアヘルサホールディングス,35,35,0.3
2300,きょくとう,35,3,2.5
7896,セブン工業,35,3,0.6
7356,Ｒｅｔｔｙ,35,2,7.1
6962,大真空,35,15,0.8
7162,アストマックス,35,46,1.0
2373,ケア２１,35,42,0.6
4665,ダスキン,35,0,0.9
9888,ＵＥＸ,35,45,3.6
4488,ＡＩ　ｉｎｓｉｄｅ,35,9,1.4
6568,神戸天然物化学,35,49,3.4
2498,オリエンタルコンサルタンツホールディングス,35,35,0.3
4060,ｒａｋｕｍｏ,35,33,0.1
3526,芦森工業,35,0,0.2
7980,重松製作所,35,0,1.1
9101,日本郵船,35,0,1.1
5933,アルインコ,35,4,0.6
248A,キッズスター,35,28,0.3
6235,オプトラン,36,5,0.6
3674,オークファン,36,4,0.7
3559,ピーバンドットコム,36,0,0.9
3326,ランシステム,36,0,0.4
4069,ＢｌｕｅＭｅｍｅ,36,36,1.4
5843,ニッポンインシュア,36,26,1.1
4056,ニューラルグループ,36,1,0.1
7595,アルゴグラフィックス,36,0,1.2
1992,神田通信機,36,8,2.1
7066,ピアズ,36,0,1.4
6552,ＧａｍｅＷｉｔｈ,36,0,2.9
4888,ステラファーマ,36,5,0.1
3452,ビーロット,36,37,1.2
6573,アジャイルメディア・ネットワーク,36,0,1.2
9831,ヤマダホールディングス,36,0,0.4
3444,菊池製作所,36,1,4.7
8617,光世証券,36,36,0.3
6616,トレックス・セミコンダクター,36,39,0.4
6497,ハマイ,36,2,3.4
5334,日本特殊陶業,36,30,0.6
6176,ブランジスタ,36,36,0.7
7729,東京精密,36,0,0.6
9948,アークス,36,0,0.3
3484,イノベーションホールディングス,36,4,0.8
8050,セイコーグループ,36,0,0.6
4645,市進ホールディングス,36,7,0.1
6806,ヒロセ電機,36,14,0.9
6832,アオイ電子,36,47,0.7
3965,キャピタル・アセット・プランニング,36,6,0.5
9627,アインホールディングス,36,17,0.2
3435,サンコーテクノ,37,0,0.2
8601,大和証券グループ本社,37,60,0.9
4369,トリケミカル研究所,37,0,1.4
9602,東宝,37,37,0.5
9934,因幡電機産業,37,34,0.7
6460,セガサミーホールディングス,37,0,0.6
3132,マクニカホールディングス,37,0,0.5
9143,ＳＧホールディングス,37,5,0.6
1446,キャンディル,37,5,0.6
8918,ランド,37,0,1.1
253A,ＥＴＳグループ,37,36,0.5
5021,コスモエネルギーホールディングス,37,7,0.5
5906,エムケー精工,37,4,1.8
1450,ＴＡＮＡＫＥＮ,37,6,1.3
3543,コメダホールディングス,37,0,0.7
7050,フロンティアインターナショナル,37,44,0.5
3097,物語コーポレーション,37,9,0.7
9244,デジタリフト,37,10,0.3
1444,ニッソウ,38,0,2.7
3204,トーア紡コーポレーション,38,26,0.8
6647,森尾電機,38,38,0.5
9063,岡山県貨物運送,38,21,2.4
3306,日本製麻,38,7,0.3
6882,三社電機製作所,38,5,0.9
1773,ワイ・ティー・エル・コーポレーション・バーハッド,38,37,0.4
5945,天龍製鋸,38,38,1.5
5994,ファインシンター,38,14,0.5
4612,日本ペイントホールディングス,38,43,0.7
4917,マンダム,38,37,1.5
4241,アテクト,38,7,3.1
2321,ソフトフロントホールディングス,38,0,0.4
6737,ＥＩＺＯ,38,5,0.8
6566,要興業,38,2,0.7
6505,東洋電機製造,38,31,0.3
6080,Ｍ＆Ａキャピタルパートナーズ,38,1,2.2
8059,第一実業,39,39,0.5
2695,くら寿司,39,39,0.5
7735,ＳＣＲＥＥＮホールディングス,39,0,0.8
6572,オープングループ,39,39,0.7
4728,トーセ,39,1,0.2
7983,ミロク,39,6,0.2
4251,恵和,39,15,0.8
6189,グローバルキッズＣＯＭＰＡＮＹ,39,5,1.4
7067,ブランディングテクノロジー,39,6,1.0
9215,ＣａＳｙ,39,26,0.7
5900,ダイケン,39,0,0.1
4345,シーティーエス,40,5,0.3
2195,アミタホールディングス,40,0,0.7
143A,イシン,40,2,0.9
7525,リックス,40,22,0.5
9165,クオルテック,40,40,0.5
5817,ＪＭＡＣＳ,40,7,2.5
6306,日工,40,40,0.3
7062,フレアス,40,7,0.3
3123,サイボー,40,61,3.5
6266,タツモ,40,0,0.8
7521,ムサシ,40,42,0.3
1850,南海辰村建設,40,19,17.8
3628,データホライゾン,40,57,0.6
6330,東洋エンジニアリング,40,40,0.8
9895,コンセック,40,42,2.4
5923,高田機工,40,11,1.0
9237,笑美面,40,45,0.4
7837,アールシーコア,40,24,1.1
7827,オービス,40,41,0.8
3166,ＯＣＨＩホールディングス,41,0,1.2
4031,片倉コープアグリ,41,3,14.1
3708,特種東海製紙,41,41,1.0
9083,神姫バス,41,13,2.0
7196,Ｃａｓａ,41,4,0.7
7815,東京ボード工業,41,2,0.5
1997,暁飯島工業,41,39,0.6
5590,ネットスターズ,41,0,0.6
9060,日本ロジテム,41,41,1.0
6973,協栄産業,41,0,3.7
3598,山喜,41,37,0.5
4072,電算システムホールディングス,41,0,0.6
9057,遠州トラック,41,43,0.2
9233,アジア航測,41,18,0.8
9913,日邦産業,41,3,0.2
7844,マーベラス,41,6,0.8
7014,名村造船所,42,0,1.0
3905,データセクション,42,17,1.6
3647,ジー・スリーホールディングス,42,3,0.5
4343,イオンファンタジー,42,31,0.6
8006,ユアサ・フナショク,42,41,0.2
9229,サンウェルズ,42,15,0.5
3103,ユニチカ,42,5,0.7
6277,ホソカワミクロン,42,47,0.8
5577,アイデミー,42,0,1.1
7217,テイン,42,3,1.0
4678,秀英予備校,42,0,1.9
7442,中山福,42,0,0.6
5619,マーソ,42,1,29.3
7804,ビーアンドピー,42,4,0.6
7383,ネットプロテクションズホールディングス,42,42,0.4
2747,北雄ラッキー,42,30,5.0
9753,アイエックス・ナレッジ,42,46,0.5
4552,ＪＣＲファーマ,42,14,1.0
2670,エービーシー・マート,42,0,0.5
6081,アライドアーキテクツ,42,7,0.2
7064,ハウテレビジョン,42,50,8.0
7886,ヤマト　モビリティ　＆　Ｍｆｇ．,42,20,1.4
3089,テクノアルファ,42,2,0.7
2183,リニカル,42,0,0.8
7068,フィードフォースグループ,42,3,0.5
7513,コジマ,43,0,0.8
4333,東邦システムサイエンス,43,1,1.8
5262,日本ヒューム,43,16,0.3
8877,エスリード,43,42,0.7
4212,積水樹脂,43,46,0.6
5386,鶴弥,43,7,0.2
7163,住信ＳＢＩネット銀行,43,0,0.1
3744,サイオス,43,16,1.4
2180,サニーサイドアップグループ,43,5,0.8
5287,イトーヨーギョー,43,44,0.3
4189,ＫＨネオケム,43,19,1.5
9733,ナガセ,43,29,0.7
4046,大阪ソーダ,43,46,0.7
8151,東陽テクニカ,43,5,0.9
2112,塩水港精糖,43,23,1.3
4686,ジャストシステム,43,46,0.6
8362,福井銀行,43,17,0.7
6267,ゼネラルパッカー,43,43,0.9
6867,リーダー電子,43,0,0.5
4625,アトミクス,43,0,0.3
3558,ジェイドグループ,43,0,2.2
6923,スタンレー電気,43,0,0.5
6149,小田原エンジニアリング,43,5,1.0
8542,トマト銀行,43,14,0.5
4075,ブレインズテクノロジー,44,0,0.8
8030,中央魚類,44,14,0.2
6086,シンメンテホールディングス,44,17,0.4
9147,ＮＩＰＰＯＮ　ＥＸＰＲＥＳＳホールディングス,44,59,0.7
5214,日本電気硝子,44,15,0.6
3974,ＳＣＡＴ,44,34,0.4
8345,岩手銀行,44,57,0.3
8920,東祥,44,18,1.3
6135,牧野フライス製作所,44,0,0.7
5597,ブルーイノベーション,44,4,0.7
3963,シンクロ・フード,44,6,0.9
7552,ハピネット,44,5,0.7
4401,ＡＤＥＫＡ,44,64,0.4
3691,デジタルプラス,45,9,0.6
2669,カネ美食品,45,0,0.7
2488,ＪＴＰ,45,45,0.4
8604,野村ホールディングス,45,58,0.9
6986,双葉電子工業,45,5,0.5
5103,昭和ホールディングス,45,14,0.8
194A,ＷＯＬＶＥＳ　ＨＡＮＤ,45,6,1.1
3921,ネオジャパン,45,0,3.3
165A,ＳＢＩレオスひふみ,45,47,1.5
3539,ＪＭホールディングス,45,35,1.4
2687,シー・ヴイ・エス・ベイエリア,45,2,0.9
5255,モンスターラボ,45,1,3.3
7989,立川ブラインド工業,45,44,0.6
9818,大丸エナウィン,45,1,0.6
6238,フリュー,45,8,0.5
4393,バンク・オブ・イノベーション,45,0,0.8
7715,長野計器,45,11,1.0
7114,フーディソン,45,0,1.2
7721,東京計器,45,0,1.3
4004,レゾナック・ホールディングス,45,25,0.8
7570,橋本総業ホールディングス,45,5,0.4
3205,ダイドーリミテッド,45,3,0.8
9722,藤田観光,45,0,1.5
7481,尾家産業,45,45,1.2
3431,宮地エンジニアリンググループ,45,14,0.4
9640,セゾンテクノロジー,45,9,1.2
9755,応用地質,45,63,0.7
4531,有機合成薬品工業,45,4,2.3
7472,鳥羽洋行,45,2,0.7
1605,ＩＮＰＥＸ,45,5,1.0
5204,石塚硝子,46,3,0.6
4928,ノエビアホールディングス,46,23,0.7
9051,センコン物流,46,1,0.5
9856,ケーユーホールディングス,46,5,0.7
3498,霞ヶ関キャピタル,46,46,0.6
9876,コックス,46,3,0.9
9955,ヨンキュウ,46,51,1.0
3186,ネクステージ,46,15,0.9
7219,エッチ・ケー・エス,46,46,1.3
3030,ハブ,46,53,0.4
2489,アドウェイズ,46,42,0.4
3416,ピクスタ,46,15,0.3
7004,カナデビア,46,33,0.6
6047,Ｇｕｎｏｓｙ,46,21,1.2
2353,日本駐車場開発,46,8,1.1
3371,ソフトクリエイトホールディングス,46,2,0.4
8931,和田興産,46,46,1.1
6668,アドテック　プラズマ　テクノロジー,46,0,1.9
7745,Ａ＆Ｄホロンホールディングス,46,5,0.6
8065,佐藤商事,46,23,0.9
5644,メタルアート,46,63,0.2
2359,コア,46,5,1.0
3167,ＴＯＫＡＩホールディングス,46,14,0.5
4397,チームスピリット,46,46,0.8
2666,オートウェーブ,46,16,1.5
5248,テクノロジーズ,46,0,0.9
156A,マテリアルグループ,46,0,0.6
5161,西川ゴム工業,46,28,0.6
3627,テクミラホールディングス,46,0,0.2
5352,黒崎播磨,46,46,1.1
3110,日東紡績,46,0,2.2
6824,新コスモス電機,46,3,0.4
8591,オリックス,46,61,0.7
5983,イワブチ,46,1,4.5
6264,マルマエ,46,0,0.7
6031,ＺＥＴＡ,46,12,0.6
6231,木村工機,46,0,0.5
5609,日本鋳造,46,6,1.3
6524,湖北工業,46,0,0.8
8041,ＯＵＧホールディングス,46,49,0.7
6022,赤阪鐵工所,46,48,0.7
7357,ジオコード,46,26,0.9
6777,ｓａｎｔｅｃ　Ｈｏｌｄｉｎｇｓ,46,15,0.9
4421,ディ・アイ・システム,46,3,0.3
3107,ダイワボウホールディングス,46,46,0.5
2737,トーメンデバイス,46,0,5.7
4224,ロンシール工業,46,57,0.8
3104,富士紡ホールディングス,46,0,1.7
5440,共英製鋼,46,29,0.9
8395,佐賀銀行,47,66,0.4
6492,岡野バルブ製造,47,56,0.6
2286,林兼産業,47,35,0.4
4914,高砂香料工業,47,1,0.6
6113,アマダ,47,35,0.7
3288,オープンハウスグループ,47,42,0.4
9327,イー・ロジット,47,2,0.8
3547,串カツ田中ホールディングス,47,12,0.6
4958,長谷川香料,47,19,0.5
4220,リケンテクノス,47,5,0.7
9130,共栄タンカー,47,3,0.3
4719,アルファシステムズ,47,0,1.0
7537,丸文,47,23,1.1
7510,たけびし,47,13,0.7
7224,新明和工業,47,62,1.2
3352,バッファロー,47,6,0.6
6210,ＴＯＹＯイノベックス,47,6,0.3
2730,エディオン,47,0,0.4
6278,ユニオンツール,47,62,0.6
6037,楽待,47,0,1.7
3156,レスター,47,24,0.5
8282,ケーズホールディングス,47,0,0.5
2157,コシダカホールディングス,47,21,0.9
6627,テラプローブ,47,64,0.8
7817,パラマウントベッドホールディングス,47,6,0.8
9409,テレビ朝日ホールディングス,47,29,0.6
6998,日本タングステン,47,4,0.8
2991,ランドネット,47,4,0.7
1758,太洋基礎工業,47,4,0.4
2883,大冷,47,58,1.4
4045,東亞合成,47,19,1.2
2281,プリマハム,47,12,0.9
2804,ブルドックソース,47,12,0.3
6742,京三製作所,47,5,0.9
6016,ジャパンエンジンコーポレーション,47,63,0.8
7438,コンドーテック,47,5,0.7
2705,大戸屋ホールディングス,47,5,0.8
7065,ユーピーアール,48,57,0.4
3993,ＰＫＳＨＡ　Ｔｅｃｈｎｏｌｏｇｙ,48,0,1.0
3223,エスエルディー,48,59,1.0
5125,ファインズ,48,18,1.6
4752,昭和システムエンジニアリング,48,0,0.2
5288,アジアパイルホールディングス,48,6,0.8
5273,三谷セキサン,48,15,0.6
1807,佐藤渡辺,48,4,0.2
4977,新田ゼラチン,48,24,0.8
7811,中本パックス,48,16,0.6
2326,デジタルアーツ,48,8,0.5
3445,ＲＳ　Ｔｅｃｈｎｏｌｏｇｉｅｓ,48,8,0.8
2586,フルッタフルッタ,48,28,0.6
3675,クロス・マーケティンググループ,48,5,0.5
8066,三谷商事,48,17,0.6
9827,リリカラ,48,4,0.6
3529,アツギ,48,0,0.8
2767,円谷フィールズホールディングス,48,7,1.0
3486,グローバル・リンク・マネジメント,48,14,1.9
7046,ＴＤＳＥ,48,8,0.4
4347,ブロードメディア,48,0,0.6
4043,トクヤマ,49,64,2.0
4042,東ソー,49,23,0.6
9039,サカイ引越センター,49,5,0.4
6092,エンバイオ・ホールディングス,49,6,0.9
3688,ＣＡＲＴＡ　ＨＯＬＤＩＮＧＳ,49,0,0.4
6498,キッツ,49,14,0.7
7940,ウェーブロックホールディングス,49,30,0.7
6023,ダイハツインフィニアース,49,64,0.6
4375,セーフィー,49,0,0.8
8095,アステナホールディングス,49,15,2.9
167A,リョーサン菱洋ホールディングス,49,64,0.5
4507,塩野義製薬,49,0,1.0
2916,仙波糖化工業,49,6,1.0
6334,明治機械,49,4,0.9
3420,ケー・エフ・シー,49,44,0.1
1963,日揮ホールディングス,49,15,0.6
7409,ＡｅｒｏＥｄｇｅ,49,5,0.6
6310,井関農機,49,16,0.6
7605,フジ・コーポレーション,49,0,0.5
2196,エスクリ,49,0,2.2
1960,サンテック,49,22,0.3
3549,クスリのアオキホールディングス,49,28,0.8
4196,ネオマーケティング,49,49,0.8
3839,ＯＤＫソリューションズ,49,13,0.9
1888,若築建設,49,28,0.2
6890,フェローテックホールディングス,49,64,0.8
4976,東洋ドライルーブ,49,62,0.1
4694,ビー・エム・エル,49,49,0.4
218A,Ｌｉｂｅｒａｗａｒｅ,50,0,0.6
4058,トヨクモ,50,13,0.4
8045,横浜丸魚,50,13,0.2
8115,ムーンバット,50,50,0.8
1717,明豊ファシリティワークス,50,15,0.3
3908,コラボス,50,2,0.4
2932,ＳＴＩフードホールディングス,50,4,0.7
3907,シリコンスタジオ,50,12,0.6
5727,東邦チタニウム,50,4,0.6
8411,みずほフィナンシャルグループ,50,14,0.6
7877,永大化工,50,15,0.6
3672,オルトプラス,50,16,1.5
3903,ｇｕｍｉ,50,0,0.7
8750,第一生命ホールディングス,50,12,0.6
8316,三井住友フィナンシャルグループ,50,6,0.6
6994,指月電機製作所,51,12,1.5
6960,フクダ電子,51,4,0.1
9127,玉井商船,51,65,1.7
2983,アールプランナー,51,2,1.1
6570,共和コーポレーション,51,8,0.7
8025,ツカモトコーポレーション,51,8,1.0
6365,電業社機械製作所,51,0,0.5
5852,アーレスティ,51,6,0.7
3837,アドソル日進,51,26,0.7
2815,アリアケジャパン,51,0,0.7
1867,植木組,51,20,0.6
2186,ソーバル,51,12,0.4
6049,イトクロ,51,8,0.7
4028,石原産業,51,64,0.7
6676,ＢＵＦＦＡＬＯ,51,4,1.3
8358,スルガ銀行,51,0,0.3
246A,アスア,51,7,0.3
3157,ジオリーブグループ,51,61,0.4
3096,オーシャンシステム,51,45,0.6
3967,エルテス,51,8,1.9
6085,アーキテクツ・スタジオ・ジャパン,51,2,0.3
6390,加藤製作所,51,18,0.5
1847,イチケン,52,5,2.3
3640,電算,52,26,0.8
8365,富山銀行,52,11,1.9
3825,リミックスポイント,52,0,0.7
9238,バリュークリエーション,52,0,1.2
6518,三相電機,52,0,0.1
6538,ディスラプターズ,52,0,0.6
2164,地域新聞社,52,61,0.7
8097,三愛オブリ,52,63,0.9
6190,フェニックスバイオ,52,8,4.6
7562,安楽亭,52,63,0.4
4208,ＵＢＥ,52,22,0.7
7971,東リ,52,5,0.9
4275,カーリット,52,4,0.7
7887,南海プライウッド,52,1,2.7
9024,西武ホールディングス,52,0,0.6
7416,はるやまホールディングス,52,19,0.5
8914,エリアリンク,52,12,0.8
3622,ネットイヤーグループ,52,0,0.2
3266,ファンドクリエーショングループ,52,0,1.2
8584,ジャックス,52,22,1.1
4337,ぴあ,52,10,0.4
2540,養命酒製造,52,17,0.5
7777,スリー・ディー・マトリックス,52,2,1.0
9220,エフビー介護サービス,52,56,1.9
3388,明治電機工業,52,5,0.4
2121,ＭＩＸＩ,52,15,0.6
3954,昭和パックス,52,16,0.6
8070,東京産業,52,6,2.2
7699,オムニ・プラス・システム・リミテッド　ＪＤＲ,52,3,0.4
7084,Ｓｍｉｌｅ　Ｈｏｌｄｉｎｇｓ,52,62,0.9
7181,かんぽ生命保険,52,15,0.6
2918,わらべや日洋ホールディングス,52,29,0.8
6837,京写,52,29,0.8
4978,リプロセル,52,19,0.5
5363,東京窯業,52,15,0.6
6046,リンクバル,52,0,0.9
7571,ヤマノホールディングス,52,17,2.5
2325,ＮＪＳ,52,0,0.4
6387,サムコ,52,0,0.5
4553,東和薬品,52,14,1.2
7021,ニッチツ,52,0,1.8
261A,日水コン,52,4,0.2
9074,日本石油輸送,52,17,0.4
3359,ｃｏｔｔａ,52,0,0.9
4598,Ｄｅｌｔａ－Ｆｌｙ　Ｐｈａｒｍａ,52,5,0.7
7803,ブシロード,52,0,0.5
2332,クエスト,53,6,0.7
145A,Ｌ　ｉｓ　Ｂ,53,62,2.1
4886,あすか製薬ホールディングス,53,5,0.7
4893,ノイルイミューン・バイオテック,53,0,1.1
6177,ＡｐｐＢａｎｋ,53,4,1.0
8304,あおぞら銀行,53,13,0.6
8101,ＧＳＩクレオス,53,5,0.3
4041,日本曹達,53,58,0.9
9249,日本エコシステム,53,5,1.1
350A,デジタルグリッド,53,15,1.2
6648,かわでん,53,2,0.8
3042,セキュアヴェイル,53,6,1.1
3936,グローバルウェイ,53,0,0.4
3928,マイネット,53,2,1.5
4450,パワーソリューションズ,53,8,1.1
5285,ヤマックス,53,63,0.5
6930,日本アンテナ,53,2,1.8
6863,ニレコ,53,6,0.3
3649,ファインデックス,53,5,0.7
4570,免疫生物研究所,53,6,0.5
9275,ナルミヤ・インターナショナル,53,47,1.0
6838,多摩川ホールディングス,53,2,2.0
4316,ビーマップ,53,17,1.1
2750,石光商事,53,0,2.2
3405,クラレ,53,15,0.8
9564,ＦＣＥ,53,15,0.6
5132,ｐｌｕｓｚｅｒｏ,53,0,1.3
3040,ソリトンシステムズ,53,5,0.2
3106,倉敷紡績,53,4,1.2
9672,東京都競馬,54,59,0.5
6356,日本ギア工業,54,6,0.5
6803,ティアック,54,9,0.8
5928,アルメタックス,54,0,0.5
8399,琉球銀行,54,18,0.5
6090,ヒューマン・メタボローム・テクノロジーズ,54,0,0.7
148A,ハッチ・ワーク,54,5,0.8
5706,三井金属鉱業,54,22,1.4
6074,ジェイエスエス,54,60,0.5
5237,ノザワ,54,65,0.4
2385,総医研ホールディングス,54,0,1.9
202A,豆蔵デジタルホールディングス,54,8,0.9
7239,タチエス,54,5,0.6
4409,東邦化学工業,54,22,0.9
184A,学びエイド,54,0,1.3
7279,ハイレックスコーポレーション,54,63,1.4
6537,ＷＡＳＨハウス,54,6,0.2
9419,ワイヤレスゲート,54,1,1.5
4222,児玉化学工業,54,0,1.1
6379,レイズネクスト,54,64,0.4
6820,アイコム,54,0,0.5
9880,イノテック,54,60,0.6
4246,ダイキョーニシカワ,54,19,0.5
1828,田辺工業,54,19,1.0
8219,青山商事,54,5,0.7
2270,雪印メグミルク,54,5,0.7
4265,Ｉｎｓｔｉｔｕｔｉｏｎ　ｆｏｒ　ａ　Ｇｌｏｂａｌ　Ｓｏｃｉｅｔｙ,54,11,0.5
7906,ヨネックス,54,62,0.3
6637,寺崎電気産業,54,63,1.0
4811,ドリーム・アーツ,54,15,0.3
8344,山形銀行,54,17,0.4
3607,クラウディアホールディングス,54,63,1.2
3940,ノムラシステムコーポレーション,54,1,11.4
7509,アイエーグループ,55,16,0.3
2334,イオレ,55,52,0.5
6457,グローリー,55,64,0.6
4992,北興化学工業,55,64,0.8
5871,ＳＯＬＩＺＥ,55,5,0.3
9780,ハリマビステム,55,57,0.4
4386,ＳＩＧグループ,55,0,0.9
6662,ユビテック,55,25,0.2
7318,セレンディップ・ホールディングス,55,60,0.6
4760,アルファ,55,15,0.5
3138,富士山マガジンサービス,55,0,0.5
4980,デクセリアルズ,55,6,0.6
4889,レナサイエンス,55,16,1.1
5018,ＭＯＲＥＳＣＯ,55,16,0.8
8061,西華産業,55,22,0.5
3004,神栄,55,29,2.4
9254,ラバブルマーケティンググループ,55,12,1.8
4356,応用技術,55,2,1.0
6858,小野測器,55,0,0.6
3393,スターティアホールディングス,55,0,0.7
9036,東部ネットワーク,55,11,0.7
2927,ＡＦＣ－ＨＤアムスライフサイエンス,55,15,0.7
3550,スタジオアタオ,55,15,0.5
8308,りそなホールディングス,55,5,0.3
8309,三井住友トラストグループ,55,8,0.5
5356,美濃窯業,55,16,0.5
3467,アグレ都市デザイン,55,59,1.7
8306,三菱ＵＦＪフィナンシャル・グループ,55,6,0.6
9223,ＡＳＮＯＶＡ,55,6,1.2
3099,三越伊勢丹ホールディングス,55,0,1.0
7990,グローブライド,55,64,0.3
6224,ＪＲＣ,55,17,1.0
6060,こころネット,55,26,0.6
6393,油研工業,55,17,0.1
4180,Ａｐｐｉｅｒ　Ｇｒｏｕｐ,55,0,1.2
7212,エフテック,55,13,0.5
6871,日本マイクロニクス,56,0,0.7
7322,三十三フィナンシャルグループ,56,66,0.4
3294,イーグランド,56,11,0.7
7504,高速,56,5,0.9
5955,ワイズホールディングス,56,15,1.1
2454,オールアバウト,56,29,1.3
3551,ダイニック,56,29,0.3
4584,キッズウェル・バイオ,56,0,1.0
6963,ローム,56,62,0.6
5101,横浜ゴム,56,24,0.7
9556,ＩＮＴＬＯＯＰ,56,31,0.4
277A,グロービング,56,15,1.5
4635,東京インキ,56,18,0.2
3131,シンデン・ハイテックス,56,1,0.5
7490,日新商事,56,22,2.7
3086,Ｊ．フロント　リテイリング,56,8,0.4
6901,澤藤電機,56,7,0.4
6666,リバーエレテック,56,5,0.5
3803,イメージ情報開発,56,14,0.4
8105,堀田丸正,56,0,0.3
8088,岩谷産業,56,6,0.8
4023,クレハ,56,20,0.7
7966,リンテック,56,30,0.5
3105,日清紡ホールディングス,56,5,0.7
6517,デンヨー,56,25,1.4
6481,ＴＨＫ,56,7,0.6
4263,サスメド,56,8,2.7
7727,オーバル,56,5,0.6
7435,ナ・デックス,56,0,9.8
5801,古河電気工業,56,15,1.2
6315,ＴＯＷＡ,56,0,1.1
6369,トーヨーカネツ,56,5,0.8
5869,早稲田学習研究会,56,13,0.3
5587,インバウンドプラットフォーム,56,5,0.3
6381,アネスト岩田,56,20,0.7
6378,木村化工機,56,15,0.7
3633,ＧＭＯペパボ,56,5,0.3
7640,トップカルチャー,56,0,0.7
8393,宮崎銀行,56,65,0.9
3913,ＧｒｅｅｎＢｅｅ,56,8,0.9
5186,ニッタ,56,23,0.8
4438,Ｗｅｌｂｙ,56,0,0.3
6143,ソディック,56,0,0.7
6265,コンバム,56,35,2.9
6526,ソシオネクスト,56,8,1.2
5121,藤倉コンポジット,56,12,0.5
9720,ホテル、ニューグランド,56,1,3.5
5368,日本インシュレーション,56,28,0.1
4461,第一工業製薬,56,64,3.5
5832,ちゅうぎんフィナンシャルグループ,56,15,0.6
6965,浜松ホトニクス,56,62,0.8
8473,ＳＢＩホールディングス,56,63,1.6
6707,サンケン電気,56,57,0.5
6417,ＳＡＮＫＹＯ,56,56,0.8
7912,大日本印刷,56,23,0.5
9264,ポエック,56,62,0.5
2485,ティア,56,62,0.8
6675,サクサ,56,14,0.2
6794,フォスター電機,56,63,0.8
7374,コンフィデンス・インターワークス,56,6,0.8
5133,テリロジーホールディングス,56,0,0.6
8563,大東銀行,56,8,0.3
6834,精工技研,56,15,0.7
3181,買取王国,56,0,0.7
6804,ホシデン,56,62,0.7
6480,日本トムソン,56,19,1.0
3918,ＰＣＩホールディングス,56,4,1.1
7012,川崎重工業,56,5,0.8
7182,ゆうちょ銀行,57,22,0.5
8159,立花エレテック,57,27,0.7
4188,三菱ケミカルグループ,57,21,0.6
7291,日本プラスト,57,6,0.3
7030,スプリックス,57,3,1.8
6370,栗田工業,57,5,0.5
3816,大和コンピューター,57,2,1.3
6857,アドバンテスト,57,0,0.6
9830,トラスコ中山,57,23,0.6
8253,クレディセゾン,57,0,0.5
3947,ダイナパック,57,14,8.5
5989,エイチワン,57,18,0.5
8078,阪和興業,57,27,0.9
151A,ダイブ,57,6,0.6
8150,三信電気,57,64,0.6
9241,フューチャーリンクネットワーク,57,24,4.1
3945,スーパーバッグ,57,17,0.2
8208,エンチョー,57,69,0.2
8336,武蔵野銀行,57,31,0.6
3741,セック,57,0,0.7
9845,パーカーコーポレーション,57,25,0.3
6664,オプトエレクトロニクス,57,35,0.5
9322,川西倉庫,57,11,0.6
5885,ジーデップ・アドバンス,57,0,1.0
7254,ユニバンス,57,31,0.3
8537,大光銀行,57,25,0.7
8343,秋田銀行,57,30,0.4
2686,ジーフット,57,67,0.9
3983,オロ,57,39,0.6
6333,帝国電機製作所,57,10,1.2
6301,小松製作所,57,61,2.3
4040,南海化学,57,6,0.2
8361,大垣共立銀行,57,23,0.5
7717,ブイ・テクノロジー,57,0,0.9
7173,東京きらぼしフィナンシャルグループ,57,47,0.8
247A,Ａｉロボティクス,57,0,1.4
9761,東海リース,57,3,1.6
2429,ワールドホールディングス,57,6,0.7
9068,丸全昭和運輸,57,0,0.7
6718,アイホン,57,31,1.5
4680,ラウンドワン,57,57,0.9
8544,京葉銀行,57,64,0.5
6785,鈴木,57,10,0.7
3036,アルコニックス,57,69,0.6
2903,シノブフーズ,57,0,0.6
7167,めぶきフィナンシャルグループ,57,59,0.7
5703,日本軽金属ホールディングス,57,15,0.7
5947,リンナイ,57,5,0.4
6850,チノー,57,2,1.1
7466,ＳＰＫ,57,22,0.6
8354,ふくおかフィナンシャルグループ,57,14,0.3
6284,日精エー・エス・ビー機械,57,16,1.2
5707,東邦亜鉛,57,6,0.6
8524,北洋銀行,57,17,0.3
5301,東海カーボン,57,8,0.7
3985,テモナ,57,11,0.6
1776,三井住建道路,57,5,0.4
7619,田中商事,57,30,0.2
8084,ＲＹＯＤＥＮ,57,14,0.9
5208,有沢製作所,57,63,0.6
6471,日本精工,57,26,0.2
7350,おきなわフィナンシャルグループ,57,66,0.5
6141,ＤＭＧ森精機,57,27,0.7
8558,東和銀行,57,19,0.4
5986,モリテック　スチール,57,25,0.9
7231,トピー工業,57,22,0.9
7814,日本創発グループ,57,12,1.2
8367,南都銀行,57,23,0.6
6161,エスティック,57,58,4.9
5831,しずおかフィナンシャルグループ,57,12,0.5
7462,ＣＡＰＩＴＡ,57,5,1.2
7287,日本精機,57,23,1.0
8012,長瀬産業,57,22,0.6
6488,ヨシタケ,57,4,0.5
8386,百十四銀行,57,65,0.5
7932,ニッピ,57,23,0.7
5131,リンカーズ,57,0,1.0
7963,興研,57,0,1.1
8593,三菱ＨＣキャピタル,57,22,0.7
9306,東陽倉庫,57,4,0.6
4444,インフォネット,57,16,0.9
3686,ディー・エル・イー,57,13,1.2
7186,コンコルディア・フィナンシャルグループ,57,12,0.9
5958,三洋工業,57,15,1.0
3433,トーカロ,57,26,0.4
4416,Ｔｒｕｅ　Ｄａｔａ,57,0,2.3
9478,ＳＥホールディングス・アンド・インキュベーションズ,57,30,0.3
7515,マルヨシセンター,57,0,0.5
8392,大分銀行,57,47,0.5
7739,キヤノン電子,58,0,1.6
6814,古野電気,58,63,0.7
8570,イオンフィナンシャルサービス,58,5,0.6
4761,さくらケーシーエス,58,21,1.3
8037,カメイ,58,28,0.8
8085,ナラサキ産業,58,5,0.1
6103,オークマ,58,5,0.4
6268,ナブテスコ,58,30,0.9
2464,Ａｏｂａ‐ＢＢＴ,58,63,1.5
3987,エコモット,58,8,0.9
6493,ＮＩＴＴＡＮ,58,64,0.6
9906,藤井産業,58,0,1.8
2798,ワイズテーブルコーポレーション,58,0,2.3
2391,プラネット,58,24,1.0
9715,トランス・コスモス,58,1,1.3
6727,ワコム,58,30,0.5
8850,スターツコーポレーション,58,0,0.3
6550,Ｕｎｉｐｏｓ,58,5,1.5
2693,ＹＫＴ,58,4,0.7
5802,住友電気工業,58,25,0.6
4935,リベルタ,58,14,0.8
3302,帝国繊維,58,19,0.5
7970,信越ポリマー,58,9,0.7
7120,ＳＨＩＮＫＯ,58,31,0.7
8624,いちよし証券,58,0,0.3
1768,ソネック,58,6,0.4
3668,コロプラ,58,1,0.7
3073,ＤＤグループ,58,59,0.5
7711,助川電気工業,58,15,1.0
8075,神鋼商事,58,25,0.9
6859,エスペック,58,64,0.7
3020,アプライド,58,12,0.2
6146,ディスコ,58,0,0.9
6183,ベルシステム２４ホールディングス,58,5,0.7
5699,イボキン,58,15,0.2
5713,住友金属鉱山,59,0,0.9
6331,三菱化工機,59,15,0.5
1951,エクシオグループ,59,17,0.6
4733,オービックビジネスコンサルタント,59,4,0.8
7805,プリントネット,59,58,1.6
9882,イエローハット,59,14,0.8
325A,ＴＥＮＴＩＡＬ,59,0,1.2
6028,テクノプロ・ホールディングス,59,60,0.5
3415,ＴＯＫＹＯ　ＢＡＳＥ,59,14,0.5
7177,ＧＭＯフィナンシャルホールディングス,59,14,0.3
8841,テーオーシー,59,17,0.8
3477,フォーライフ,59,21,2.8
7524,マルシェ,59,0,2.2
5892,ｙｕｔｏｒｉ,59,64,0.5
8795,Ｔ＆Ｄホールディングス,59,12,0.5
5284,ヤマウホールディングス,59,15,0.9
3553,共和レザー,59,18,0.6
9896,ＪＫホールディングス,59,6,0.5
5591,ＡＶＩＬＥＮ,59,0,1.2
2388,ウェッジホールディングス,59,3,0.4
3766,システムズ・デザイン,59,8,0.6
8023,ＤＡＩＫＯ　ＸＴＥＣＨ,59,14,0.6
4022,ラサ工業,59,66,1.0
9325,ファイズホールディングス,59,2,0.7
9025,鴻池運輸,59,29,0.4
6840,ＡＫＩＢＡホールディングス,59,27,0.4
5258,トランザクション・メディア・ネットワークス,59,3,0.8
7134,アップガレージグループ,59,2,0.4
4673,川崎地質,59,62,0.2
5868,ロココ,59,0,0.6
8934,サンフロンティア不動産,59,4,0.5
7245,大同メタル工業,59,15,0.5
7326,ＳＢＩインシュアランスグループ,59,25,0.9
2311,エプコ,59,0,1.1
9304,澁澤倉庫,59,19,0.4
8341,七十七銀行,59,14,0.4
7609,ダイトロン,59,0,0.7
6757,ＯＳＧコーポレーション,59,2,2.5
7616,コロワイド,59,12,0.4
6125,岡本工作機械製作所,59,64,0.8
8081,カナデン,59,1,0.9
6545,インターネットインフィニティー,59,7,0.6
7089,フォースタートアップス,59,0,0.2
3925,ダブルスタンダード,59,1,0.9
7565,萬世電機,59,21,3.0
9312,ケイヒン,59,34,0.5
6750,エレコム,59,14,0.9
3924,ランドコンピュータ,59,29,0.8
7122,近畿車輛,59,4,1.1
6138,ダイジェット工業,59,63,1.7
8098,稲畑産業,59,0,0.6
9436,沖縄セルラー電話,59,0,0.3
6357,三精テクノロジーズ,59,15,1.0
4091,日本酸素ホールディングス,59,7,0.5
6029,アトラグループ,59,17,0.5
8133,伊藤忠エネクス,59,23,0.5
6373,大同工業,59,15,0.9
7093,アディッシュ,59,0,0.3
9324,安田倉庫,59,5,0.7
4633,サカタインクス,59,25,0.4
2114,フジ日本,59,59,0.6
300A,ＭＩＣ,59,0,0.3
4832,ＪＦＥシステムズ,59,22,1.0
7486,サンリン,59,10,0.1
8522,名古屋銀行,59,21,0.5
2492,インフォマート,59,4,0.7
8360,山梨中央銀行,59,18,0.6
6454,マックス,60,16,0.4
8944,ランドビジネス,60,5,1.8
6087,アビスト,60,15,2.0
8214,ＡＯＫＩホールディングス,60,63,0.6
9616,共立メンテナンス,60,0,0.6
3358,ワイエスフード,60,0,1.5
3655,ブレインパッド,60,2,0.8
6877,ＯＢＡＲＡ　ＧＲＯＵＰ,60,25,0.7
4681,リゾートトラスト,60,63,0.4
1429,日本アクア,60,3,0.7
6508,明電舎,60,64,0.4
1515,日鉄鉱業,60,0,0.7
3392,デリカフーズホールディングス,60,0,1.0
8139,ナガホリ,60,3,1.5
9867,ソレキア,60,15,0.5
6574,コンヴァノ,60,60,0.8
2436,共同ピーアール,60,11,0.6
5344,ＭＡＲＵＷＡ,61,64,0.5
8704,トレイダーズホールディングス,61,13,1.1
3934,ベネフィットジャパン,61,4,1.7
9253,スローガン,61,24,0.7
6549,ディーエムソリューションズ,61,2,0.5
3680,ホットリンク,61,0,1.5
6902,デンソー,61,5,0.7
9303,住友倉庫,61,17,0.4
6258,平田機工,61,24,0.8
1981,協和日成,61,1,5.5
153A,カウリス,61,3,0.4
9610,ウィルソン・ラーニング　ワールドワイド,61,5,2.1
4484,ランサーズ,61,16,0.1
6099,エラン,61,9,0.6
7723,愛知時計電機,61,26,0.7
6323,ローツェ,61,0,0.7
6196,ストライク,61,25,0.6
2654,アスモ,61,50,0.9
2433,博報堂ＤＹホールディングス,61,5,0.5
4094,日本化学産業,61,13,1.2
3350,メタプラネット,61,0,0.4
6496,中北製作所,61,61,0.7
6055,ジャパンマテリアル,61,0,0.5
7831,ウイルコホールディングス,61,0,0.2
9022,東海旅客鉄道,61,30,0.6
2127,日本Ｍ＆Ａセンターホールディングス,61,5,0.6
6941,山一電機,61,15,0.5
2802,味の素,61,0,0.6
5803,フジクラ,61,64,0.8
5819,カナレ電気,61,9,0.4
9021,西日本旅客鉄道,61,0,0.7
7363,ベビーカレンダー,62,11,0.9
4547,キッセイ薬品工業,62,11,1.3
1844,大盛工業,62,17,0.5
9029,ヒガシホールディングス,62,65,0.3
4396,システムサポートホールディングス,62,3,1.0
8137,サンワテクノス,62,31,0.9
3440,日創グループ,62,64,0.3
7531,清和中央ホールディングス,62,0,0.5
4062,イビデン,62,0,0.8
6040,日本スキー場開発,62,0,1.2
4662,フォーカスシステムズ,62,0,0.5
7897,ホクシン,62,3,0.2
9706,日本空港ビルデング,62,5,0.6
7229,ユタカ技研,62,5,0.8
4203,住友ベークライト,62,64,0.5
4206,アイカ工業,62,8,0.5
6507,シンフォニアテクノロジー,62,0,0.9
9369,キユーソー流通システム,62,68,0.7
7613,シークス,62,5,1.0
7088,フォーラムエンジニアリング,62,68,0.6
2656,ベクターホールディングス,62,0,2.0
6503,三菱電機,62,31,0.5
2120,ＬＩＦＵＬＬ,62,3,0.9
4536,参天製薬,62,1,0.6
4551,鳥居薬品,62,0,0.7
5242,アイズ,62,1,8.8
6703,沖電気工業,62,0,0.6
7220,武蔵精密工業,62,24,0.5
9687,ＫＳＫ,62,62,0.5
6297,鉱研工業,62,0,1.9
5602,栗本鐵工所,62,23,1.1
7544,スリーエフ,62,16,0.9
3494,マリオン,62,30,19.7
3626,ＴＩＳ,62,0,0.9
8089,ナイス,62,27,1.1
7673,ダイコー通産,62,6,1.1
9622,スペース,63,15,0.7
8127,ヤマトインターナショナル,63,0,2.2
8117,中央自動車工業,63,17,0.4
228A,オプロ,63,17,2.0
8091,ニチモウ,63,14,0.5
6317,北川鉄工所,63,6,0.4
9377,エージーピー,63,0,0.3
7795,ＫＹＯＲＩＴＳＵ,63,70,2.1
7460,ヤギ,63,66,1.8
6638,ミマキエンジニアリング,63,15,0.7
7003,三井Ｅ＆Ｓ,63,8,1.1
4481,ベース,63,4,1.7
7914,共同印刷,63,14,0.6
6748,星和電機,63,17,7.8
9682,ＤＴＳ,63,0,0.5
2415,ヒューマンホールディングス,63,7,0.6
9628,燦ホールディングス,63,16,0.6
9441,ベルパーク,63,64,0.3
9034,南総通運,63,68,0.9
3002,グンゼ,63,66,0.6
4392,ＦＩＧ,63,5,1.3
4556,カイノス,63,6,0.0
6230,ＳＡＮＥＩ,63,0,0.7
6226,守谷輸送機工業,63,3,0.7
7226,極東開発工業,63,0,0.6
8005,スクロール,63,9,1.2
6754,アンリツ,63,0,0.5
6989,北陸電気工業,63,0,0.3
9776,札幌臨床検査センター,63,10,0.1
2354,ＹＥ　ＤＩＧＩＴＡＬ,63,2,1.3
9301,三菱倉庫,63,9,0.6
9744,メイテックグループホールディングス,63,5,0.5
9563,Ａｔｌａｓ　Ｔｅｃｈｎｏｌｏｇｉｅｓ,63,65,0.6
7494,コナカ,63,3,1.6
4617,中国塗料,63,64,0.4
5943,ノーリツ,63,4,1.2
5259,ＢＢＤイニシアティブ,63,69,1.0
1721,コムシスホールディングス,63,17,0.5
1811,錢高組,63,17,0.5
4971,メック,63,5,1.0
4014,カラダノート,63,0,0.5
4491,コンピューターマネージメント,63,5,0.3
7994,オカムラ,63,23,0.8
6626,ＳＥＭＩＴＥＣ,63,64,1.0
6349,小森コーポレーション,63,14,1.2
5834,ＳＢＩリーシングサービス,63,15,3.9
6745,ホーチキ,63,4,0.6
343A,ＩＡＣＥトラベル,63,6,1.4
5867,エスネットワークス,63,16,3.2
7771,日本精密,63,0,0.7
4240,クラスターテクノロジー,63,5,0.4
6809,ＴＯＡ,63,6,0.4
4732,ユー・エス・エス,63,16,0.5
8020,兼松,63,22,0.6
4334,ユークス,63,1,1.2
9719,ＳＣＳＫ,63,1,0.9
2303,ドーン,64,2,0.5
9028,ゼロ,64,9,0.9
7649,スギホールディングス,64,31,0.4
5902,ホッカンホールディングス,64,19,0.9
4440,ヴィッツ,64,11,0.7
6855,日本電子材料,64,0,0.7
3377,バイク王＆カンパニー,64,0,1.3
7949,小松ウオール工業,64,67,0.5
3184,ＩＣＤＡホールディングス,64,28,1.4
7371,Ｚｅｎｋｅｎ,64,64,1.0
7427,エコートレーディング,64,0,1.0
9274,ＫＰＰグループホールディングス,64,25,0.5
8046,丸藤シートパイル,64,12,0.3
4690,日本パレットプール,64,29,0.3
4361,川口化学工業,64,5,0.9
4826,ＣＩＪ,64,5,3.3
3648,ＡＧＳ,64,71,1.1
1799,第一建設工業,64,0,1.1
6856,堀場製作所,64,29,0.5
1975,朝日工業社,64,66,0.6
6071,ＩＢＪ,64,2,0.6
8035,東京エレクトロン,64,0,0.8
1972,三晃金属工業,64,64,0.4
3692,ＦＦＲＩセキュリティ,64,6,0.7
9412,スカパーＪＳＡＴホールディングス,64,11,0.8
3984,ユーザーローカル,64,5,0.6
6875,メガチップス,64,25,0.7
9408,ＢＳＮメディアホールディングス,64,8,1.6
155A,情報戦略テクノロジー,64,6,5.1
5028,セカンドサイトアナリティカ,64,16,1.2
3758,アエリア,64,14,0.5
3927,フーバーブレイン,64,0,1.5
3321,ミタチ産業,64,6,0.7
3773,アドバンスト・メディア,64,1,1.1
4395,アクリート,64,0,3.6
3375,ＺＯＡ,64,13,0.0
3660,アイスタイル,64,15,0.6
3319,ゴルフダイジェスト・オンライン,64,0,0.4
9932,杉本商事,64,0,6.1
7822,永大産業,64,17,0.6
1946,トーエネック,64,67,0.9
3323,レカム,64,0,0.7
7734,理研計器,64,11,0.8
4186,東京応化工業,64,2,0.4
6525,ＫＯＫＵＳＡＩ　ＥＬＥＣＴＲＩＣ,64,0,0.3
8014,蝶理,64,0,0.9
7259,アイシン,64,23,0.6
7936,アシックス,64,0,0.7
8585,オリエントコーポレーション,64,65,0.8
4368,扶桑化学工業,64,25,2.3
6095,メドピア,64,0,0.2
8031,三井物産,65,19,0.9
6134,ＦＵＪＩ,65,66,0.3
7614,オーエムツーネットワーク,65,2,1.1
4579,ラクオリア創薬,65,0,1.1
9691,両毛システムズ,65,10,0.5
7265,エイケン工業,65,11,0.5
7379,サーキュレーション,65,16,0.7
5578,ＡＲアドバンストテクノロジ,65,16,0.1
3625,テックファームホールディングス,65,0,1.0
1966,高田工業所,65,8,0.5
4506,住友ファーマ,65,14,0.6
9613,ＮＴＴデータグループ,65,0,0.8
5870,ナルネットコミュニケーションズ,65,19,3.1
9310,日本トランスシティ,65,5,0.4
7380,十六フィナンシャルグループ,65,19,0.7
7059,コプロ・ホールディングス,65,0,1.0
6307,サンセイ,65,0,0.7
3799,キーウェアソリューションズ,65,8,0.7
6969,松尾電機,65,6,1.3
1945,東京エネシス,65,31,0.4
6368,オルガノ,65,67,0.4
3944,古林紙工,65,6,3.0
6490,ＰＩＬＬＡＲ,65,12,0.5
1982,日比谷総合設備,65,34,0.2
9259,タカヨシホールディングス,65,0,0.9
7060,ギークス,65,21,1.0
7266,今仙電機製作所,65,5,0.6
8015,豊田通商,65,30,0.4
6677,エスケーエレクトロニクス,65,65,0.7
8596,九州リースサービス,65,13,1.0
9820,エムティジェネックス,65,7,1.5
3355,クリヤマホールディングス,65,6,0.2
7327,第四北越フィナンシャルグループ,66,23,0.6
5280,ヨシコン,66,0,0.2
5491,日本金属,66,0,0.7
6653,正興電機製作所,66,15,0.8
4088,エア・ウォーター,66,34,0.7
4629,大伸化学,66,8,0.2
9428,クロップス,66,69,0.7
3347,トラスト,66,0,11.1
5805,ＳＷＣＣ,66,30,1.0
146A,コロンビア・ワークス,66,0,0.9
3190,ホットマン,66,1,0.1
7013,ＩＨＩ,66,10,0.6
1979,大氣社,66,47,0.6
8595,ジャフコ　グループ,66,0,0.7
7974,任天堂,66,0,0.5
7373,アイドマ・ホールディングス,66,12,0.9
9644,タナベコンサルティンググループ,66,15,0.8
1965,テクノ菱和,66,8,0.8
7011,三菱重工業,66,4,0.7
8053,住友商事,66,22,0.7
3417,大木ヘルスケアホールディングス,66,19,0.6
8359,八十二銀行,66,20,0.7
1743,コーアツ工業,66,14,2.1
9702,アイ・エス・ビー,66,18,2.2
5105,ＴＯＹＯ　ＴＩＲＥ,66,25,0.9
2175,エス・エム・エス,66,5,1.0
2892,日本食品化工,66,9,0.6
8058,三菱商事,66,8,0.7
6501,日立製作所,66,11,0.7
6905,コーセル,66,4,0.5
7189,西日本フィナンシャルホールディングス,66,25,0.5
6521,オキサイド,66,0,0.5
5901,東洋製罐グループホールディングス,66,21,0.8
2768,双日,66,22,1.0
6239,ナガオカ,66,9,0.2
4012,アクシス,66,24,0.6
6841,横河電機,66,66,0.5
5139,オープンワーク,66,6,0.9
8377,ほくほくフィナンシャルグループ,67,20,0.6
2673,夢みつけ隊,67,0,1.0
8002,丸紅,67,22,0.9
8439,東京センチュリー,67,42,0.6
2499,日本和装ホールディングス,67,0,0.6
2163,アルトナー,67,1,1.0
8515,アイフル,67,67,0.6
5279,日本興業,67,67,0.8
6674,ジーエス・ユアサ　コーポレーション,67,5,0.7
4318,クイック,67,4,1.0
4544,Ｈ．Ｕ．グループホールディングス,67,4,0.7
6247,日阪製作所,67,12,1.0
1950,日本電設工業,67,69,0.6
8550,栃木銀行,67,67,0.3
9476,中央経済社ホールディングス,67,20,3.5
4243,ニックス,67,4,0.6
3069,ＪＦＬＡホールディングス,67,2,0.6
8001,伊藤忠商事,67,22,0.7
9987,スズケン,67,11,0.7
9991,ジェコス,67,7,0.4
6997,日本ケミコン,67,10,0.3
3070,ジェリービーンズグループ,67,0,5.5
4487,スペースマーケット,67,9,0.5
7325,アイリックコーポレーション,67,6,0.2
9445,フォーバルテレコム,67,7,0.4
4658,日本空調サービス,67,5,0.5
8904,ＡＶＡＮＴＩＡ,67,67,0.5
9551,メタウォーター,67,67,1.4
9661,歌舞伎座,67,21,0.4
6269,三井海洋開発,67,0,0.7
7581,サイゼリヤ,67,6,1.3
3248,アールエイジ,67,3,1.3
3826,システムインテグレータ,67,67,0.6
4362,日本精化,67,45,0.8
5844,京都フィナンシャルグループ,67,31,0.8
6741,日本信号,67,17,1.0
5618,ナイル,67,5,0.3
6018,阪神内燃機工業,67,0,1.4
3252,地主,67,15,1.1
7236,ティラド,67,5,0.5
1417,ミライト・ワン,67,23,0.6
245A,ＩＮＧＳ,68,10,0.1
9225,ブリッジコンサルティンググループ,68,0,1.2
1848,富士ピー・エス,68,68,0.4
1815,鉄建建設,68,39,0.4
2961,日本調理機,68,4,0.3
3071,ストリーム,68,15,0.5
3372,関門海,68,6,1.3
6579,ログリー,68,15,0.2
3421,稲葉製作所,68,0,2.3
5891,魁力屋,68,0,1.5
6644,大崎電気工業,68,68,0.5
4374,ＲＯＢＯＴ　ＰＡＹＭＥＮＴ,68,1,3.9
7043,アルー,68,7,0.1
4259,エクサウィザーズ,68,8,0.3
1718,美樹工業,68,6,3.2
3320,クロスプラス,68,0,6.5
7377,ＤＮホールディングス,68,0,0.8
1967,ヤマト,68,6,0.2
9562,ビジネスコーチ,68,2,0.4
5310,東洋炭素,68,0,0.9
3804,システム　ディ,68,4,1.2
4366,ダイトーケミックス,68,14,0.2
9708,帝国ホテル,68,4,0.2
6233,ＫＬＡＳＳ,68,13,0.2
7271,安永,68,0,0.5
6184,鎌倉新書,68,0,1.4
7851,カワセコンピュータサプライ,68,2,0.4
4403,日油,68,69,1.3
2479,ジェイテック,68,6,0.4
3861,王子ホールディングス,68,68,0.8
5621,ヒューマンテクノロジーズ,68,0,1.0
5476,日本高周波鋼業,68,6,0.3
4437,ｇｏｏｄｄａｙｓホールディングス,68,23,1.2
8173,上新電機,68,5,0.7
6546,フルテック,68,8,0.2
7419,ノジマ,69,0,0.5
1934,ユアテック,69,69,0.9
6201,豊田自動織機,69,0,0.5
3673,ブロードリーフ,69,8,0.8
8370,紀陽銀行,69,19,0.6
3418,バルニバービ,69,10,1.4
4293,セプテーニ・ホールディングス,69,69,0.7
1723,日本電技,69,17,1.1
7792,コラントッテ,69,7,0.8
4418,ＪＤＳＣ,69,5,0.9
3179,シュッピン,69,22,0.9
3679,じげん,69,5,0.5
9679,ホウライ,69,24,0.3
9743,丹青社,69,6,1.5
6617,東光高岳,69,25,0.4
6540,船場,69,69,0.9
9251,ＡＢ＆Ｃｏｍｐａｎｙ,69,15,0.7
2830,アヲハタ,69,69,1.1
4951,エステー,69,30,1.0
256A,飛島ホールディングス,69,6,1.3
3035,ケイティケイ,69,69,1.0
1810,松井建設,69,26,1.9
3556,リネットジャパングループ,69,1,0.7
4674,クレスコ,69,0,0.7
4479,マクアケ,69,5,1.3
7514,ヒマラヤ,69,36,0.3
3540,歯愛メディカル,69,0,0.5
2533,オエノンホールディングス,69,0,1.2
1959,九電工,69,69,0.4
9534,北海道瓦斯,69,0,0.5
2410,キャリアデザインセンター,69,70,0.5
2461,ファンコミュニケーションズ,69,29,0.4
3946,トーモク,69,23,0.6
6351,鶴見製作所,69,15,1.1
2597,ユニカフェ,69,13,0.7
6420,ガリレイ,69,4,0.7
1518,三井松島ホールディングス,69,28,0.7
6678,テクノメディカ,69,7,0.3
3683,サイバーリンクス,69,9,2.1
9908,日本電計,69,4,3.2
1885,東亜建設工業,69,21,0.5
1948,弘電社,69,6,0.4
8157,都築電気,69,17,0.8
5542,新報国マテリアル,69,67,0.8
8052,椿本興業,69,69,0.3
7359,東京通信グループ,69,69,0.7
7674,ＮＡＴＴＹ　ＳＷＡＮＫＹホールディングス,69,19,1.8
9066,日新,69,0,0.3
8141,新光商事,69,5,1.0
7972,イトーキ,69,69,1.4
9960,東テク,69,4,0.5
6494,ＮＦＫホールディングス,69,15,1.7
8572,アコム,69,5,1.0
4377,ワンキャリア,69,0,1.0
6654,不二電機工業,69,0,3.5
4427,ＥｄｕＬａｂ,69,5,1.0
1871,ピーエス・コンストラクション,69,0,1.0
6013,タクマ,69,23,1.0
3964,オークネット,69,69,0.4
9414,日本ＢＳ放送,69,0,0.6
8057,内田洋行,69,69,1.4
1835,東鉄工業,69,69,0.9
7094,ＮｅｘＴｏｎｅ,69,0,0.9
4221,大倉工業,69,4,1.0
1968,太平電業,69,69,0.6
9065,山九,69,69,1.0
1720,東急建設,69,0,0.9
5576,オービーシステム,69,0,0.4
2181,パーソルホールディングス,69,14,0.5
8225,タカチホ,69,0,5.0
7981,タカラスタンダード,69,69,1.0
4722,フューチャー,69,0,0.5
3443,川田テクノロジーズ,69,0,0.7
6932,遠藤照明,70,6,0.8
3920,アイビーシー,70,8,0.7
3854,アイル,70,4,0.9
9164,トライト,70,0,0.5
3815,メディア工房,70,73,0.4
7643,ダイイチ,70,70,0.5
7157,ライフネット生命保険,70,6,1.3
6305,日立建機,70,12,1.6
8040,東京ソワール,70,4,1.0
4346,ＮＥＸＹＺ．Ｇｒｏｕｐ,70,24,0.3
6853,共和電業,70,3,0.8
3697,ＳＨＩＦＴ,70,0,0.5
8714,池田泉州ホールディングス,70,70,1.3
3482,ロードスターキャピタル,70,6,0.6
7819,粧美堂,70,0,0.9
5036,日本ビジネスシステムズ,70,0,1.1
9532,大阪瓦斯,70,5,0.6
7126,グローバルスタイル,70,0,2.1
3698,ＣＲＩ・ミドルウェア,70,9,1.3
4379,Ｐｈｏｔｏｓｙｎｔｈ,70,5,0.8
2060,フィード・ワン,70,22,1.7
1952,新日本空調,70,32,0.5
4997,日本農薬,70,10,1.4
6580,ライトアップ,70,5,0.9
5210,日本山村硝子,70,15,0.4
6744,能美防災,70,11,0.6
7090,リグア,70,21,2.2
3172,ティーライフ,70,3,0.7
8600,トモニホールディングス,70,21,0.4
4707,キタック,70,4,6.2
3495,香陵住販,70,47,0.2
1980,ダイダン,70,26,0.9
4828,ビジネスエンジニアリング,70,0,1.0
3245,ディア・ライフ,70,37,1.2
5034,ｕｎｅｒｒｙ,70,0,0.5
8923,トーセイ,70,17,0.5
3994,マネーフォワード,70,8,0.3
1938,日本リーテック,70,34,0.5
6489,前澤工業,70,4,0.7
8056,ＢＩＰＲＯＧＹ,70,0,0.5
4751,サイバーエージェント,70,0,0.5
7505,扶桑電通,70,70,0.5
6554,エスユーエス,70,4,2.4
4287,ジャストプランニング,70,0,0.4
9731,白洋舎,70,27,1.3
304A,フォルシア,70,0,0.4
3353,メディカル一光グループ,71,41,1.4
3877,中越パルプ工業,71,19,0.5
7512,イオン北海道,71,8,0.8
1949,住友電設,71,19,0.5
244A,グロースエクスパートナーズ,71,14,0.6
6845,アズビル,71,36,0.4
1812,鹿島建設,71,0,1.8
6466,ＴＶＥ,71,10,0.7
6701,日本電気,71,4,1.1
1401,エムビーエス,71,4,0.4
4317,レイ,71,12,0.2
1961,三機工業,71,15,0.5
9746,ＴＫＣ,71,17,0.7
9069,センコーグループホールディングス,71,0,0.6
1719,安藤・間,71,20,0.7
2371,カカクコム,71,0,0.5
1944,きんでん,71,70,0.7
2692,伊藤忠食品,71,0,1.0
7451,三菱食品,71,1,0.6
2317,システナ,71,0,0.4
1942,関電工,71,71,1.1
9449,ＧＭＯインターネットグループ,71,14,0.7
3733,ソフトウェア・サービス,71,10,4.8
5444,大和工業,71,19,0.6
1803,清水建設,71,17,5.2
1801,大成建設,71,31,1.9
8118,キング,72,6,0.4
7110,クラシコム,72,5,6.3
8946,ＡＳＩＡＮ　ＳＴＡＲ,72,16,0.7
4619,日本特殊塗料,72,27,0.9
1798,守谷商会,72,15,0.5
8007,高島,72,72,1.4
7774,ジャパン・ティッシュエンジニアリング,72,14,1.1
6786,ＲＶＨ,72,0,0.2
7919,野崎印刷紙業,72,5,1.4
3045,カワサキ,72,23,0.6
9709,ＮＣＳ＆Ａ,72,6,0.2
4319,ＴＡＣ,72,5,0.4
9621,建設技術研究所,72,72,0.4
5580,プロディライト,72,44,1.7
2424,ブラス,72,68,2.0
3139,ラクト・ジャパン,72,43,0.6
1808,長谷工コーポレーション,72,73,0.7
3441,山王,72,6,1.5
6495,宮入バルブ製作所,72,23,0.7
2736,フェスタリアホールディングス,72,27,1.0
4659,エイジス,72,0,0.7
9381,エーアイテイー,72,23,0.6
2982,ＡＤワークスグループ,72,20,0.8
2411,ゲンダイエージェンシー,72,24,1.1
5574,ＡＢＥＪＡ,72,0,2.3
9145,ビーイングホールディングス,72,72,0.6
4709,ＩＤホールディングス,72,4,1.0
9696,ウィザス,72,0,7.2
3562,Ｎｏ．１,73,17,1.0
6772,東京コスモス電機,73,6,1.1
7608,エスケイジャパン,73,14,0.4
3396,フェリシモ,73,0,1.2
2734,サーラコーポレーション,73,0,0.5
3536,アクサスホールディングス,73,36,1.3
9267,Ｇｅｎｋｙ　ＤｒｕｇＳｔｏｒｅｓ,73,34,1.0
3935,エディア,73,17,0.5
7044,ピアラ,73,5,0.5
8366,滋賀銀行,73,1,0.9
3449,テクノフレックス,73,17,1.1
3189,ＡＮＡＰホールディングス,73,0,1.1
2653,イオン九州,73,73,1.4
250A,シマダヤ,73,17,1.3
4593,ヘリオス,73,15,0.9
9941,太洋物産,73,73,0.8
6535,アイモバイル,73,0,0.7
160A,アズパートナーズ,73,0,0.9
6091,ウエスコホールディングス,73,8,1.9
8209,フレンドリー,73,15,0.9
1879,新日本建設,73,17,0.5
2053,中部飼料,73,24,0.4
5596,アウトルックコンサルティング,73,2,0.4
3489,フェイスネットワーク,73,2,0.8
4766,ピーエイ,73,14,0.3
2805,ヱスビー食品,73,13,1.1
4419,Ｆｉｎａｔｅｘｔホールディングス,73,4,0.4
3277,サンセイランディック,73,20,0.7
3386,コスモ・バイオ,73,20,0.5
4199,ワンダープラネット,73,16,0.7
1926,ライト工業,73,9,0.5
2926,篠崎屋,73,0,0.6
8864,空港施設,73,20,0.5
7183,あんしん保証,73,6,0.8
2449,プラップジャパン,73,14,0.7
3771,システムリサーチ,73,8,3.8
8254,さいか屋,73,47,0.2
1795,マサル,73,6,1.5
4284,ソルクシーズ,73,5,1.0
3076,あい　ホールディングス,73,5,0.5
3063,ジェイグループホールディングス,73,73,0.5
7833,アイフィスジャパン,73,14,0.8
5162,朝日ラバー,73,4,0.7
9160,ノバレーゼ,73,6,1.1
5290,ベルテクスコーポレーション,74,74,2.5
5011,ニチレキグループ,74,17,0.5
211A,カドス・コーポレーション,74,44,1.1
3662,エイチームホールディングス,74,74,2.1
4838,スペースシャワーＳＫＩＹＡＫＩホールディングス,74,11,0.3
7351,グッドパッチ,74,15,1.9
1433,ベステラ,74,0,1.9
6195,ホープ,74,3,1.3
6543,日宣,74,31,1.4
4776,サイボウズ,74,74,0.5
5252,日本ナレッジ,74,5,1.1
5134,ＰＯＰＥＲ,74,0,0.2
3182,オイシックス・ラ・大地,74,0,0.6
4373,シンプレクス・ホールディングス,74,0,0.8
5532,リアルゲイト,74,2,1.0
3193,エターナルホスピタリティグループ,74,6,1.9
7539,アイナボホールディングス,74,12,0.7
9553,マイクロアド,74,42,0.5
4019,スタメン,74,0,1.0
5527,ｐｒｏｐｅｒｔｙ　ｔｅｃｈｎｏｌｏｇｉｅｓ,74,74,3.9
2999,ホームポジション,74,45,0.7
2268,Ｂ－Ｒ　サーティワン　アイスクリーム,74,0,1.1
6879,ＩＭＡＧＩＣＡ　ＧＲＯＵＰ,74,0,2.0
3198,ＳＦＰホールディングス,74,5,1.1
6946,日本アビオニクス,74,0,0.6
5724,アサカ理研,74,14,0.8
6947,図研,74,17,0.4
4194,ビジョナル,74,73,1.2
6755,富士通ゼネラル,74,5,0.7
4370,モビルス,74,14,3.2
7986,日本アイ・エス・ケイ,74,0,2.2
3565,アセンテック,74,0,0.9
4918,アイビー化粧品,74,0,0.3
8715,アニコム　ホールディングス,74,17,0.8
4494,バリオセキュア,74,0,0.1
5631,日本製鋼所,74,10,0.7
7191,イントラスト,74,7,1.8
8818,京阪神ビルディング,74,9,0.3
6332,月島ホールディングス,75,15,1.2
1884,日本道路,75,5,2.5
7369,メイホーホールディングス,75,2,1.2
6778,アルチザネットワークス,75,4,7.8
6078,バリューＨＲ,75,15,0.4
5595,ＱＰＳ研究所,75,5,0.6
6088,シグマクシス・ホールディングス,75,0,0.7
7475,アルビス,75,6,0.4
6571,キュービーネットホールディングス,75,18,0.7
8198,マックスバリュ東海,75,0,0.1
3566,ユニフォームネクスト,75,4,0.3
1969,高砂熱学工業,75,69,0.6
3663,セルシス,75,16,2.1
4483,ＪＭＤＣ,75,0,0.7
9936,王将フードサービス,75,0,0.7
4412,サイエンスアーツ,75,16,0.3
7022,サノヤスホールディングス,75,0,0.8
7425,初穂商事,75,0,0.3
3284,フージャースホールディングス,75,41,1.2
5074,テスホールディングス,75,15,0.6
2742,ハローズ,75,12,0.8
6061,ユニバーサル園芸社,75,25,1.5
3491,ＧＡ　ｔｅｃｈｎｏｌｏｇｉｅｓ,75,0,0.6
1814,大末建設,75,6,1.4
7097,さくらさくプラス,75,75,1.2
9554,ＡＶｉＣ,75,0,1.6
7358,ポピンズ,75,8,1.2
7135,ジャパンクラフトホールディングス,75,9,0.4
215A,タイミー,75,29,0.9
4825,ウェザーニューズ,75,16,0.7
7445,ライトオン,75,75,2.5
5078,セレコーポレーション,75,10,0.4
1766,東建コーポレーション,75,9,0.8
5393,ニチアス,75,47,1.0
4526,理研ビタミン,75,43,0.7
4350,メディカルシステムネットワーク,75,0,0.5
6542,ＦＣホールディングス,75,12,0.5
3480,ジェイ・エス・ビー,75,22,1.1
7611,ハイデイ日高,75,14,0.5
3659,ネクソン,75,0,0.6
6957,芝浦電子,75,9,5.9
5930,文化シヤッター,75,36,0.8
4626,太陽ホールディングス,75,0,0.8
5592,くすりの窓口,75,0,1.3
4495,アイキューブドシステムズ,75,3,0.1
1976,明星工業,75,17,0.6
3923,ラクス,75,1,0.9
8802,三菱地所,75,6,0.5
9869,加藤産業,75,47,0.6
3548,バロックジャパンリミテッド,75,0,0.7
9235,売れるネット広告社グループ,75,0,1.2
7678,あさくま,75,0,1.0
2124,ジェイエイシーリクルートメント,75,16,0.8
9684,スクウェア・エニックス・ホールディングス,75,0,0.9
7483,ドウシシャ,75,3,1.6
3148,クリエイトＳＤホールディングス,75,16,1.0
3370,フジタコーポレーション,75,0,0.6
1822,大豊建設,75,17,0.8
1821,三井住友建設,75,23,0.2
8844,コスモスイニシア,75,5,0.8
3768,リスクモンスター,75,0,0.4
1870,矢作建設工業,75,23,0.7
3280,エストラスト,75,15,0.3
9872,北恵,75,45,2.2
4071,プラスアルファ・コンサルティング,75,5,0.6
9697,カプコン,75,0,0.8
8919,カチタス,75,7,0.5
8267,イオン,75,9,0.6
4718,早稲田アカデミー,75,31,0.5
3399,丸千代山岡家,76,9,1.7
5884,クラダシ,76,1,2.5
8160,木曽路,76,8,0.8
219A,Ｈｅａｒｔｓｅｅｄ,76,15,1.2
5032,ＡＮＹＣＯＬＯＲ,76,0,0.7
8927,明豊エンタープライズ,76,0,1.4
9823,マミーマート,76,0,0.7
7501,ティムコ,76,76,2.8
2226,湖池屋,76,23,0.8
6044,三機サービス,77,15,2.3
7809,壽屋,77,11,0.2
341A,トヨコー,77,15,0.4
2404,鉄人化ホールディングス,77,26,0.6
8016,オンワードホールディングス,77,2,0.2
8276,平和堂,77,0,0.6
299A,ｄｅｌｙ,77,16,1.0
8699,ＨＳホールディングス,77,10,0.7
8255,アクシアル　リテイリング,77,0,0.7
6706,電気興業,77,5,0.7
3542,ベガコーポレーション,77,46,0.5
7532,パン・パシフィック・インターナショナルホールディングス,77,0,0.4
2585,ライフドリンク　カンパニー,77,0,0.6
3763,プロシップ,77,0,1.2
8252,丸井グループ,77,0,0.7
7800,アミファ,77,3,2.0
2809,キユーピー,77,21,0.7
3271,ＴＨＥグローバル社,77,29,1.1
4441,トビラシステムズ,77,8,0.5
7115,アルファパーチェス,77,14,1.3
1921,巴コーポレーション,77,20,1.4
3563,ＦＯＯＤ　＆　ＬＩＦＥ　ＣＯＭＰＡＮＩＥＳ,77,1,0.9
2296,伊藤ハム米久ホールディングス,77,5,0.7
8194,ライフコーポレーション,77,40,0.8
2573,北海道コカ・コーラボトリング,77,0,1.0
4013,勤次郎,77,0,1.1
276A,ククレブ・アドバイザーズ,77,2,0.4
7806,ＭＴＧ,77,15,0.5
9168,ライズ・コンサルティング・グループ,78,15,0.7
8174,日本瓦斯,79,0,1.2
3088,マツキヨココカラ＆カンパニー,79,23,0.7
4684,オービック,79,0,0.4
8227,しまむら,85,22,0.7
4676,フジ・メディア・ホールディングス,85,33,1.1
2193,クックパッド,87,0,0.7
4771,エフアンドエム,88,9,0.3
7732,トプコン,92,1,2.6
9782,ディーエムエス,93,2,1.2
6544,ジャパンエレベーターサービスホールディングス,93,0,0.7
7453,良品計画,93,4,1.1
9221,フルハシＥＰＯ,93,13,3.1
3349,コスモス薬品,95,0,0.8
8013,ナイガイ,95,1,1.4
3341,日本調剤,96,10,4.4
7564,ワークマン,99,0,0.6
3409,北日本紡績,99,1,0.5
9072,ニッコンホールディングス,99,12,0.4
3931,バリューゴルフ,100,22,1.6
5337,ダントーホールディングス,100,6,0.4
3948,光ビジネスフォーム,100,0,0.3
6898,トミタ電機,100,0,1.0
